topic_label,topic_probability,Confidence_Level
Kehilangan & Trauma Keluarga,0.3621,Rendah (<0.50)
Dampak Pendidikan & Tempat Tidur,0.8158,Tinggi (≥0.75)
Ketakutan & Dampak Banjir,0.5526,Sedang (0.50–0.74)
Ketakutan & Dampak Banjir,0.8158,Tinggi (≥0.75)
Kerusakan Rumah & Bantuan,0.6111,Sedang (0.50–0.74)
Kerusakan Rumah & Bantuan,0.8158,Tinggi (≥0.75)
Keluhan Fisik & Kesehatan,0.6111,Sedang (0.50–0.74)
Kerusakan Rumah & Bantuan,0.8158,Tinggi (≥0.75)
Ketakutan & Dampak Banjir,0.8971,Tinggi (≥0.75)
Keluhan Fisik & Kesehatan,0.8158,Tinggi (≥0.75)
Keluhan Fisik & Kesehatan,0.5526,Sedang (0.50–0.74)
Ketakutan & Dampak Banjir,0.8158,Tinggi (≥0.75)
Dampak Pendidikan & Tempat Tidur,0.3929,Rendah (<0.50)
Keluhan Fisik & Kesehatan,0.6111,Sedang (0.50–0.74)
Kehilangan & Trauma Keluarga,0.125,Rendah (<0.50)
Ketakutan & Dampak Banjir,0.75,Tinggi (≥0.75)
Kebersihan & Aktivitas Pemulihan,0.6111,Sedang (0.50–0.74)
Ketakutan & Dampak Banjir,0.8158,Tinggi (≥0.75)
Kerusakan Rumah & Bantuan,0.6111,Sedang (0.50–0.74)
Kebutuhan Makan & Aktivitas Fisik,0.8158,Tinggi (≥0.75)
Kebersihan & Aktivitas Pemulihan,0.4824,Rendah (<0.50)
Ketakutan & Dampak Banjir,0.5526,Sedang (0.50–0.74)
Ketakutan & Dampak Banjir,0.75,Tinggi (≥0.75)
Keluhan Fisik & Kesehatan,0.6242,Sedang (0.50–0.74)
Dampak Pendidikan & Tempat Tidur,0.75,Tinggi (≥0.75)
Dampak Pendidikan & Tempat Tidur,0.75,Tinggi (≥0.75)
Kerusakan Rumah & Bantuan,0.75,Tinggi (≥0.75)
Keluhan Fisik & Kesehatan,0.6111,Sedang (0.50–0.74)
Kebersihan & Aktivitas Pemulihan,0.6111,Sedang (0.50–0.74)
Kebersihan & Aktivitas Pemulihan,0.6111,Sedang (0.50–0.74)
Ketakutan & Dampak Banjir,0.5526,Sedang (0.50–0.74)
Kerusakan Rumah & Bantuan,0.5182,Sedang (0.50–0.74)
Kebutuhan Makan & Aktivitas Fisik,0.8793,Tinggi (≥0.75)
Ketakutan & Dampak Banjir,0.4318,Rendah (<0.50)
Ketakutan & Dampak Banjir,0.8542,Tinggi (≥0.75)
Ketakutan & Dampak Banjir,0.75,Tinggi (≥0.75)
Dampak Pendidikan & Tempat Tidur,0.6111,Sedang (0.50–0.74)
Keluhan Fisik & Kesehatan,0.8158,Tinggi (≥0.75)
Kebersihan & Aktivitas Pemulihan,0.75,Tinggi (≥0.75)
Kebersihan & Aktivitas Pemulihan,0.5233,Sedang (0.50–0.74)
Kebersihan & Aktivitas Pemulihan,0.8542,Tinggi (≥0.75)
Kebersihan & Aktivitas Pemulihan,0.75,Tinggi (≥0.75)
Kebutuhan Makan & Aktivitas Fisik,0.75,Tinggi (≥0.75)
Keluhan Fisik & Kesehatan,0.6221,Sedang (0.50–0.74)
Kebutuhan Makan & Aktivitas Fisik,0.8158,Tinggi (≥0.75)
Kebersihan & Aktivitas Pemulihan,0.75,Tinggi (≥0.75)
Kebersihan & Aktivitas Pemulihan,0.6111,Sedang (0.50–0.74)
Kebersihan & Aktivitas Pemulihan,0.8158,Tinggi (≥0.75)
Kebutuhan Makan & Aktivitas Fisik,0.4891,Rendah (<0.50)
Ketakutan & Dampak Banjir,0.6111,Sedang (0.50–0.74)
Ketakutan & Dampak Banjir,0.8542,Tinggi (≥0.75)
Kebersihan & Aktivitas Pemulihan,0.75,Tinggi (≥0.75)
Kebutuhan Makan & Aktivitas Fisik,0.5812,Sedang (0.50–0.74)
Ketakutan & Dampak Banjir,0.5795,Sedang (0.50–0.74)
Keluhan Fisik & Kesehatan,0.8158,Tinggi (≥0.75)
Ketakutan & Dampak Banjir,0.5233,Sedang (0.50–0.74)
Kebutuhan Makan & Aktivitas Fisik,0.8158,Tinggi (≥0.75)
Kebersihan & Aktivitas Pemulihan,0.8793,Tinggi (≥0.75)
Kebutuhan Makan & Aktivitas Fisik,0.3386,Rendah (<0.50)
Kebutuhan Makan & Aktivitas Fisik,0.5526,Sedang (0.50–0.74)
Kebutuhan Makan & Aktivitas Fisik,0.7069,Sedang (0.50–0.74)
Kehilangan & Trauma Keluarga,0.75,Tinggi (≥0.75)
Ketakutan & Dampak Banjir,0.6458,Sedang (0.50–0.74)
Kehilangan & Trauma Keluarga,0.4513,Rendah (<0.50)
Kebersihan & Aktivitas Pemulihan,0.6111,Sedang (0.50–0.74)
Kebersihan & Aktivitas Pemulihan,0.75,Tinggi (≥0.75)
Ketakutan & Dampak Banjir,0.5404,Sedang (0.50–0.74)
Kehilangan & Trauma Keluarga,0.5521,Sedang (0.50–0.74)
Bencana & Kehilangan Tempat Tinggal,0.8158,Tinggi (≥0.75)
Kebersihan & Aktivitas Pemulihan,0.3929,Rendah (<0.50)
Ketakutan & Dampak Banjir,0.897,Tinggi (≥0.75)
Ketakutan & Dampak Banjir,0.75,Tinggi (≥0.75)
Ketakutan & Dampak Banjir,0.8158,Tinggi (≥0.75)
Kebersihan & Aktivitas Pemulihan,0.75,Tinggi (≥0.75)
Kebersihan & Aktivitas Pemulihan,0.8158,Tinggi (≥0.75)
Ketakutan & Dampak Banjir,0.6111,Sedang (0.50–0.74)
Kehilangan & Trauma Keluarga,0.7946,Tinggi (≥0.75)
Ketakutan & Dampak Banjir,0.5616,Sedang (0.50–0.74)
Kehilangan & Trauma Keluarga,0.8158,Tinggi (≥0.75)
Kebutuhan Makan & Aktivitas Fisik,0.6111,Sedang (0.50–0.74)
Kebutuhan Makan & Aktivitas Fisik,0.6458,Sedang (0.50–0.74)
Kebutuhan Makan & Aktivitas Fisik,0.8158,Tinggi (≥0.75)
Kebutuhan Makan & Aktivitas Fisik,0.7069,Sedang (0.50–0.74)
Ketakutan & Dampak Banjir,0.7124,Sedang (0.50–0.74)
Ketakutan & Dampak Banjir,0.5146,Sedang (0.50–0.74)
Ketakutan & Dampak Banjir,0.8542,Tinggi (≥0.75)
Keluhan Fisik & Kesehatan,0.6111,Sedang (0.50–0.74)
Kebersihan & Aktivitas Pemulihan,0.8971,Tinggi (≥0.75)
Ketakutan & Dampak Banjir,0.5972,Sedang (0.50–0.74)
Ketakutan & Dampak Banjir,0.6111,Sedang (0.50–0.74)
Ketakutan & Dampak Banjir,0.8158,Tinggi (≥0.75)
Kerusakan Rumah & Bantuan,0.3929,Rendah (<0.50)
Dampak Pendidikan & Tempat Tidur,0.3929,Rendah (<0.50)
Dampak Pendidikan & Tempat Tidur,0.75,Tinggi (≥0.75)
Bencana & Kehilangan Tempat Tinggal,0.5526,Sedang (0.50–0.74)
Bencana & Kehilangan Tempat Tinggal,0.2895,Rendah (<0.50)
Ketakutan & Dampak Banjir,0.5111,Sedang (0.50–0.74)
Ketakutan & Dampak Banjir,0.6111,Sedang (0.50–0.74)
Dampak Pendidikan & Tempat Tidur,0.5197,Sedang (0.50–0.74)
Dampak Pendidikan & Tempat Tidur,0.8158,Tinggi (≥0.75)
Bencana & Kehilangan Tempat Tinggal,0.3929,Rendah (<0.50)
Ketakutan & Dampak Banjir,0.8793,Tinggi (≥0.75)
Keluhan Fisik & Kesehatan,0.4368,Rendah (<0.50)
Bencana & Kehilangan Tempat Tinggal,0.4065,Rendah (<0.50)
Keluhan Fisik & Kesehatan,0.5526,Sedang (0.50–0.74)
Keluhan Fisik & Kesehatan,0.8158,Tinggi (≥0.75)
Kebersihan & Aktivitas Pemulihan,0.3304,Rendah (<0.50)
Kebersihan & Aktivitas Pemulihan,0.6111,Sedang (0.50–0.74)
Keluhan Fisik & Kesehatan,0.7066,Sedang (0.50–0.74)
Kerusakan Rumah & Bantuan,0.3929,Rendah (<0.50)
Kebersihan & Aktivitas Pemulihan,0.6111,Sedang (0.50–0.74)
Kehilangan & Trauma Keluarga,0.5064,Sedang (0.50–0.74)
Kebersihan & Aktivitas Pemulihan,0.8158,Tinggi (≥0.75)
Kebersihan & Aktivitas Pemulihan,0.8158,Tinggi (≥0.75)
Kerusakan Rumah & Bantuan,0.5189,Sedang (0.50–0.74)
Kebersihan & Aktivitas Pemulihan,0.5121,Sedang (0.50–0.74)
Kebutuhan Makan & Aktivitas Fisik,0.8542,Tinggi (≥0.75)
Kebersihan & Aktivitas Pemulihan,0.8542,Tinggi (≥0.75)
Kehilangan & Trauma Keluarga,0.75,Tinggi (≥0.75)
Kebutuhan Makan & Aktivitas Fisik,0.6111,Sedang (0.50–0.74)
Kebutuhan Makan & Aktivitas Fisik,0.75,Tinggi (≥0.75)
Kebutuhan Makan & Aktivitas Fisik,0.6111,Sedang (0.50–0.74)
Ketakutan & Dampak Banjir,0.5526,Sedang (0.50–0.74)
Kebersihan & Aktivitas Pemulihan,0.8542,Tinggi (≥0.75)
Ketakutan & Dampak Banjir,0.8971,Tinggi (≥0.75)
Kerusakan Rumah & Bantuan,0.75,Tinggi (≥0.75)
Ketakutan & Dampak Banjir,0.75,Tinggi (≥0.75)
Kerusakan Rumah & Bantuan,0.5953,Sedang (0.50–0.74)
Dampak Pendidikan & Tempat Tidur,0.8158,Tinggi (≥0.75)
Ketakutan & Dampak Banjir,0.8971,Tinggi (≥0.75)
Kerusakan Rumah & Bantuan,0.8971,Tinggi (≥0.75)
Kebutuhan Makan & Aktivitas Fisik,0.4375,Rendah (<0.50)
Ketakutan & Dampak Banjir,0.4975,Rendah (<0.50)
Kerusakan Rumah & Bantuan,0.8793,Tinggi (≥0.75)
Kebutuhan Makan & Aktivitas Fisik,0.6714,Sedang (0.50–0.74)
Ketakutan & Dampak Banjir,0.8793,Tinggi (≥0.75)
Bencana & Kehilangan Tempat Tinggal,0.7069,Sedang (0.50–0.74)
Dampak Pendidikan & Tempat Tidur,0.3523,Rendah (<0.50)
Ketakutan & Dampak Banjir,0.8793,Tinggi (≥0.75)
Ketakutan & Dampak Banjir,0.8158,Tinggi (≥0.75)
Ketakutan & Dampak Banjir,0.9407,Tinggi (≥0.75)
Ketakutan & Dampak Banjir,0.8542,Tinggi (≥0.75)
Kebutuhan Makan & Aktivitas Fisik,0.8793,Tinggi (≥0.75)
Ketakutan & Dampak Banjir,0.9204,Tinggi (≥0.75)
Kebutuhan Makan & Aktivitas Fisik,0.8971,Tinggi (≥0.75)
Keluhan Fisik & Kesehatan,0.6111,Sedang (0.50–0.74)
Kebersihan & Aktivitas Pemulihan,0.6111,Sedang (0.50–0.74)
Kehilangan & Trauma Keluarga,0.125,Rendah (<0.50)
Ketakutan & Dampak Banjir,0.7384,Sedang (0.50–0.74)
Kebersihan & Aktivitas Pemulihan,0.75,Tinggi (≥0.75)
Ketakutan & Dampak Banjir,0.9102,Tinggi (≥0.75)
Ketakutan & Dampak Banjir,0.9103,Tinggi (≥0.75)
Kebutuhan Makan & Aktivitas Fisik,0.6125,Sedang (0.50–0.74)
Keluhan Fisik & Kesehatan,0.7238,Sedang (0.50–0.74)
Keluhan Fisik & Kesehatan,0.5517,Sedang (0.50–0.74)
Kebersihan & Aktivitas Pemulihan,0.9286,Tinggi (≥0.75)
Dampak Pendidikan & Tempat Tidur,0.3929,Rendah (<0.50)
Kebersihan & Aktivitas Pemulihan,0.7069,Sedang (0.50–0.74)
Kerusakan Rumah & Bantuan,0.6458,Sedang (0.50–0.74)
Kebutuhan Makan & Aktivitas Fisik,0.75,Tinggi (≥0.75)
Ketakutan & Dampak Banjir,0.6029,Sedang (0.50–0.74)
Kebutuhan Makan & Aktivitas Fisik,0.715,Sedang (0.50–0.74)
Kebutuhan Makan & Aktivitas Fisik,0.6111,Sedang (0.50–0.74)
Dampak Pendidikan & Tempat Tidur,0.6111,Sedang (0.50–0.74)
Dampak Pendidikan & Tempat Tidur,0.6111,Sedang (0.50–0.74)
Kehilangan & Trauma Keluarga,0.6111,Sedang (0.50–0.74)
Kebersihan & Aktivitas Pemulihan,0.6111,Sedang (0.50–0.74)
Ketakutan & Dampak Banjir,0.6274,Sedang (0.50–0.74)
Ketakutan & Dampak Banjir,0.8971,Tinggi (≥0.75)
Kerusakan Rumah & Bantuan,0.75,Tinggi (≥0.75)
Ketakutan & Dampak Banjir,0.8793,Tinggi (≥0.75)
Ketakutan & Dampak Banjir,0.8158,Tinggi (≥0.75)
Kebersihan & Aktivitas Pemulihan,0.9286,Tinggi (≥0.75)
Kehilangan & Trauma Keluarga,0.8158,Tinggi (≥0.75)
Kebersihan & Aktivitas Pemulihan,0.5432,Sedang (0.50–0.74)
Kerusakan Rumah & Bantuan,0.3929,Rendah (<0.50)
Ketakutan & Dampak Banjir,0.6111,Sedang (0.50–0.74)
Kehilangan & Trauma Keluarga,0.125,Rendah (<0.50)
Kehilangan & Trauma Keluarga,0.125,Rendah (<0.50)
Keluhan Fisik & Kesehatan,0.6111,Sedang (0.50–0.74)
Kebersihan & Aktivitas Pemulihan,0.8158,Tinggi (≥0.75)
Ketakutan & Dampak Banjir,0.6111,Sedang (0.50–0.74)
Kehilangan & Trauma Keluarga,0.125,Rendah (<0.50)
Ketakutan & Dampak Banjir,0.4375,Rendah (<0.50)
Dampak Pendidikan & Tempat Tidur,0.8542,Tinggi (≥0.75)
Ketakutan & Dampak Banjir,0.7072,Sedang (0.50–0.74)
Keluhan Fisik & Kesehatan,0.75,Tinggi (≥0.75)
Keluhan Fisik & Kesehatan,0.6111,Sedang (0.50–0.74)
Ketakutan & Dampak Banjir,0.8158,Tinggi (≥0.75)
Kebutuhan Makan & Aktivitas Fisik,0.8158,Tinggi (≥0.75)
Kerusakan Rumah & Bantuan,0.6111,Sedang (0.50–0.74)
Kebutuhan Makan & Aktivitas Fisik,0.8542,Tinggi (≥0.75)
Bencana & Kehilangan Tempat Tinggal,0.75,Tinggi (≥0.75)
Kerusakan Rumah & Bantuan,0.3951,Rendah (<0.50)
Kehilangan & Trauma Keluarga,0.125,Rendah (<0.50)
Kehilangan & Trauma Keluarga,0.125,Rendah (<0.50)
Keluhan Fisik & Kesehatan,0.6111,Sedang (0.50–0.74)
Kebersihan & Aktivitas Pemulihan,0.5345,Sedang (0.50–0.74)
Ketakutan & Dampak Banjir,0.75,Tinggi (≥0.75)
Ketakutan & Dampak Banjir,0.8793,Tinggi (≥0.75)
Kebersihan & Aktivitas Pemulihan,0.75,Tinggi (≥0.75)
Keluhan Fisik & Kesehatan,0.75,Tinggi (≥0.75)
Ketakutan & Dampak Banjir,0.8158,Tinggi (≥0.75)
Keluhan Fisik & Kesehatan,0.6242,Sedang (0.50–0.74)
Keluhan Fisik & Kesehatan,0.5249,Sedang (0.50–0.74)
Kebersihan & Aktivitas Pemulihan,0.8158,Tinggi (≥0.75)
Kerusakan Rumah & Bantuan,0.4375,Rendah (<0.50)
Ketakutan & Dampak Banjir,0.8793,Tinggi (≥0.75)
Dampak Pendidikan & Tempat Tidur,0.6111,Sedang (0.50–0.74)
Ketakutan & Dampak Banjir,0.9103,Tinggi (≥0.75)
Ketakutan & Dampak Banjir,0.6531,Sedang (0.50–0.74)
Ketakutan & Dampak Banjir,0.75,Tinggi (≥0.75)
Ketakutan & Dampak Banjir,0.6111,Sedang (0.50–0.74)
Kebersihan & Aktivitas Pemulihan,0.5526,Sedang (0.50–0.74)
Kerusakan Rumah & Bantuan,0.3929,Rendah (<0.50)
Bencana & Kehilangan Tempat Tinggal,0.8158,Tinggi (≥0.75)
Ketakutan & Dampak Banjir,0.8542,Tinggi (≥0.75)
Kerusakan Rumah & Bantuan,0.8793,Tinggi (≥0.75)
Kerusakan Rumah & Bantuan,0.5526,Sedang (0.50–0.74)
Kehilangan & Trauma Keluarga,0.6111,Sedang (0.50–0.74)
Dampak Pendidikan & Tempat Tidur,0.8158,Tinggi (≥0.75)
Kehilangan & Trauma Keluarga,0.6111,Sedang (0.50–0.74)
Kehilangan & Trauma Keluarga,0.6111,Sedang (0.50–0.74)
Keluhan Fisik & Kesehatan,0.6111,Sedang (0.50–0.74)
Kehilangan & Trauma Keluarga,0.125,Rendah (<0.50)
Bencana & Kehilangan Tempat Tinggal,0.6111,Sedang (0.50–0.74)
Ketakutan & Dampak Banjir,0.8793,Tinggi (≥0.75)
Kebersihan & Aktivitas Pemulihan,0.7069,Sedang (0.50–0.74)
Kerusakan Rumah & Bantuan,0.7483,Sedang (0.50–0.74)
Ketakutan & Dampak Banjir,0.8158,Tinggi (≥0.75)
Keluhan Fisik & Kesehatan,0.5526,Sedang (0.50–0.74)
Kebutuhan Makan & Aktivitas Fisik,0.5271,Sedang (0.50–0.74)
Kehilangan & Trauma Keluarga,0.6458,Sedang (0.50–0.74)
Ketakutan & Dampak Banjir,0.5093,Sedang (0.50–0.74)
Dampak Pendidikan & Tempat Tidur,0.3929,Rendah (<0.50)
Kebersihan & Aktivitas Pemulihan,0.6111,Sedang (0.50–0.74)
Keluhan Fisik & Kesehatan,0.6111,Sedang (0.50–0.74)
Kehilangan & Trauma Keluarga,0.125,Rendah (<0.50)
Kehilangan & Trauma Keluarga,0.125,Rendah (<0.50)
Ketakutan & Dampak Banjir,0.614,Sedang (0.50–0.74)
Bencana & Kehilangan Tempat Tinggal,0.5526,Sedang (0.50–0.74)
Kehilangan & Trauma Keluarga,0.125,Rendah (<0.50)
Bencana & Kehilangan Tempat Tinggal,0.7069,Sedang (0.50–0.74)
Bencana & Kehilangan Tempat Tinggal,0.6111,Sedang (0.50–0.74)
Kebutuhan Makan & Aktivitas Fisik,0.4375,Rendah (<0.50)
Kebersihan & Aktivitas Pemulihan,0.8158,Tinggi (≥0.75)
Keluhan Fisik & Kesehatan,0.6111,Sedang (0.50–0.74)
Kebersihan & Aktivitas Pemulihan,0.8158,Tinggi (≥0.75)
Ketakutan & Dampak Banjir,0.5175,Sedang (0.50–0.74)
Ketakutan & Dampak Banjir,0.3941,Rendah (<0.50)
Bencana & Kehilangan Tempat Tinggal,0.4375,Rendah (<0.50)
Kebersihan & Aktivitas Pemulihan,0.6458,Sedang (0.50–0.74)
Bencana & Kehilangan Tempat Tinggal,0.5526,Sedang (0.50–0.74)
Kerusakan Rumah & Bantuan,0.4822,Rendah (<0.50)
Ketakutan & Dampak Banjir,0.75,Tinggi (≥0.75)
Kehilangan & Trauma Keluarga,0.3929,Rendah (<0.50)
Keluhan Fisik & Kesehatan,0.8542,Tinggi (≥0.75)
Kehilangan & Trauma Keluarga,0.125,Rendah (<0.50)
Bencana & Kehilangan Tempat Tinggal,0.6111,Sedang (0.50–0.74)
Keluhan Fisik & Kesehatan,0.8158,Tinggi (≥0.75)
Kehilangan & Trauma Keluarga,0.6111,Sedang (0.50–0.74)
Ketakutan & Dampak Banjir,0.4035,Rendah (<0.50)
Kebutuhan Makan & Aktivitas Fisik,0.4712,Rendah (<0.50)
Bencana & Kehilangan Tempat Tinggal,0.8971,Tinggi (≥0.75)
Kebutuhan Makan & Aktivitas Fisik,0.6458,Sedang (0.50–0.74)
Bencana & Kehilangan Tempat Tinggal,0.8971,Tinggi (≥0.75)
Bencana & Kehilangan Tempat Tinggal,0.8971,Tinggi (≥0.75)
Kehilangan & Trauma Keluarga,0.125,Rendah (<0.50)
Kehilangan & Trauma Keluarga,0.6111,Sedang (0.50–0.74)
Kehilangan & Trauma Keluarga,0.125,Rendah (<0.50)
Dampak Pendidikan & Tempat Tidur,0.2895,Rendah (<0.50)
Kebutuhan Makan & Aktivitas Fisik,0.8971,Tinggi (≥0.75)
Kebutuhan Makan & Aktivitas Fisik,0.6111,Sedang (0.50–0.74)
Kebutuhan Makan & Aktivitas Fisik,0.4375,Rendah (<0.50)
Kerusakan Rumah & Bantuan,0.75,Tinggi (≥0.75)
Keluhan Fisik & Kesehatan,0.3928,Rendah (<0.50)
Ketakutan & Dampak Banjir,0.8158,Tinggi (≥0.75)
Ketakutan & Dampak Banjir,0.6458,Sedang (0.50–0.74)
Ketakutan & Dampak Banjir,0.8158,Tinggi (≥0.75)
Ketakutan & Dampak Banjir,0.8158,Tinggi (≥0.75)
Bencana & Kehilangan Tempat Tinggal,0.6111,Sedang (0.50–0.74)
Keluhan Fisik & Kesehatan,0.6849,Sedang (0.50–0.74)
Keluhan Fisik & Kesehatan,0.75,Tinggi (≥0.75)
Keluhan Fisik & Kesehatan,0.5517,Sedang (0.50–0.74)
Kehilangan & Trauma Keluarga,0.125,Rendah (<0.50)
Bencana & Kehilangan Tempat Tinggal,0.6111,Sedang (0.50–0.74)
Kehilangan & Trauma Keluarga,0.125,Rendah (<0.50)
Kebutuhan Makan & Aktivitas Fisik,0.6111,Sedang (0.50–0.74)
Kebersihan & Aktivitas Pemulihan,0.75,Tinggi (≥0.75)
Dampak Pendidikan & Tempat Tidur,0.6111,Sedang (0.50–0.74)
Keluhan Fisik & Kesehatan,0.6111,Sedang (0.50–0.74)
Kebutuhan Makan & Aktivitas Fisik,0.6111,Sedang (0.50–0.74)
Kehilangan & Trauma Keluarga,0.125,Rendah (<0.50)
Kerusakan Rumah & Bantuan,0.7069,Sedang (0.50–0.74)
Kebersihan & Aktivitas Pemulihan,0.8158,Tinggi (≥0.75)
Keluhan Fisik & Kesehatan,0.6111,Sedang (0.50–0.74)
Keluhan Fisik & Kesehatan,0.6111,Sedang (0.50–0.74)
Kehilangan & Trauma Keluarga,0.3929,Rendah (<0.50)
Ketakutan & Dampak Banjir,0.6111,Sedang (0.50–0.74)
Keluhan Fisik & Kesehatan,0.3928,Rendah (<0.50)
Keluhan Fisik & Kesehatan,0.6111,Sedang (0.50–0.74)
Bencana & Kehilangan Tempat Tinggal,0.6111,Sedang (0.50–0.74)
Ketakutan & Dampak Banjir,0.3929,Rendah (<0.50)
Ketakutan & Dampak Banjir,0.3929,Rendah (<0.50)
Dampak Pendidikan & Tempat Tidur,0.75,Tinggi (≥0.75)
Ketakutan & Dampak Banjir,0.5345,Sedang (0.50–0.74)
Dampak Pendidikan & Tempat Tidur,0.6111,Sedang (0.50–0.74)
Ketakutan & Dampak Banjir,0.6111,Sedang (0.50–0.74)
Dampak Pendidikan & Tempat Tidur,0.3946,Rendah (<0.50)
Kerusakan Rumah & Bantuan,0.5245,Sedang (0.50–0.74)
Ketakutan & Dampak Banjir,0.8158,Tinggi (≥0.75)
Kebutuhan Makan & Aktivitas Fisik,0.5644,Sedang (0.50–0.74)
Bencana & Kehilangan Tempat Tinggal,0.3929,Rendah (<0.50)
Kerusakan Rumah & Bantuan,0.75,Tinggi (≥0.75)
Kehilangan & Trauma Keluarga,0.125,Rendah (<0.50)
Ketakutan & Dampak Banjir,0.8158,Tinggi (≥0.75)
Keluhan Fisik & Kesehatan,0.8158,Tinggi (≥0.75)
Kebersihan & Aktivitas Pemulihan,0.9205,Tinggi (≥0.75)
Kerusakan Rumah & Bantuan,0.8542,Tinggi (≥0.75)
Kebersihan & Aktivitas Pemulihan,0.8542,Tinggi (≥0.75)
Keluhan Fisik & Kesehatan,0.3929,Rendah (<0.50)
Kebutuhan Makan & Aktivitas Fisik,0.8542,Tinggi (≥0.75)
Kebutuhan Makan & Aktivitas Fisik,0.8542,Tinggi (≥0.75)
Kebutuhan Makan & Aktivitas Fisik,0.8158,Tinggi (≥0.75)
Kebutuhan Makan & Aktivitas Fisik,0.8793,Tinggi (≥0.75)
Kebutuhan Makan & Aktivitas Fisik,0.8158,Tinggi (≥0.75)
Keluhan Fisik & Kesehatan,0.4375,Rendah (<0.50)
Kerusakan Rumah & Bantuan,0.4518,Rendah (<0.50)
Ketakutan & Dampak Banjir,0.8793,Tinggi (≥0.75)
Ketakutan & Dampak Banjir,0.6111,Sedang (0.50–0.74)
Kehilangan & Trauma Keluarga,0.6111,Sedang (0.50–0.74)
Ketakutan & Dampak Banjir,0.6029,Sedang (0.50–0.74)
Keluhan Fisik & Kesehatan,0.7066,Sedang (0.50–0.74)
Kebutuhan Makan & Aktivitas Fisik,0.3959,Rendah (<0.50)
Bencana & Kehilangan Tempat Tinggal,0.6111,Sedang (0.50–0.74)
Kerusakan Rumah & Bantuan,0.8158,Tinggi (≥0.75)
Kebutuhan Makan & Aktivitas Fisik,0.8158,Tinggi (≥0.75)
Ketakutan & Dampak Banjir,0.6893,Sedang (0.50–0.74)
Kebersihan & Aktivitas Pemulihan,0.75,Tinggi (≥0.75)
Bencana & Kehilangan Tempat Tinggal,0.6111,Sedang (0.50–0.74)
Kebersihan & Aktivitas Pemulihan,0.6111,Sedang (0.50–0.74)
Ketakutan & Dampak Banjir,0.8793,Tinggi (≥0.75)
Ketakutan & Dampak Banjir,0.75,Tinggi (≥0.75)
Kebutuhan Makan & Aktivitas Fisik,0.3929,Rendah (<0.50)
Kehilangan & Trauma Keluarga,0.125,Rendah (<0.50)
Bencana & Kehilangan Tempat Tinggal,0.3621,Rendah (<0.50)
Kebutuhan Makan & Aktivitas Fisik,0.6111,Sedang (0.50–0.74)
Kebutuhan Makan & Aktivitas Fisik,0.8158,Tinggi (≥0.75)
Ketakutan & Dampak Banjir,0.8542,Tinggi (≥0.75)
Kehilangan & Trauma Keluarga,0.6111,Sedang (0.50–0.74)
Kerusakan Rumah & Bantuan,0.2292,Rendah (<0.50)
Kebersihan & Aktivitas Pemulihan,0.7069,Sedang (0.50–0.74)
Kehilangan & Trauma Keluarga,0.125,Rendah (<0.50)
Kerusakan Rumah & Bantuan,0.4375,Rendah (<0.50)
Bencana & Kehilangan Tempat Tinggal,0.3929,Rendah (<0.50)
Ketakutan & Dampak Banjir,0.7069,Sedang (0.50–0.74)
Kehilangan & Trauma Keluarga,0.8158,Tinggi (≥0.75)
Kehilangan & Trauma Keluarga,0.2986,Rendah (<0.50)
Dampak Pendidikan & Tempat Tidur,0.6111,Sedang (0.50–0.74)
Keluhan Fisik & Kesehatan,0.6111,Sedang (0.50–0.74)
Kebersihan & Aktivitas Pemulihan,0.4375,Rendah (<0.50)
Keluhan Fisik & Kesehatan,0.5526,Sedang (0.50–0.74)
Bencana & Kehilangan Tempat Tinggal,0.6111,Sedang (0.50–0.74)
Kehilangan & Trauma Keluarga,0.5312,Sedang (0.50–0.74)
Ketakutan & Dampak Banjir,0.8793,Tinggi (≥0.75)
Kebutuhan Makan & Aktivitas Fisik,0.6111,Sedang (0.50–0.74)
Kebutuhan Makan & Aktivitas Fisik,0.6111,Sedang (0.50–0.74)
Kerusakan Rumah & Bantuan,0.6111,Sedang (0.50–0.74)
Kebutuhan Makan & Aktivitas Fisik,0.8542,Tinggi (≥0.75)
Kerusakan Rumah & Bantuan,0.5526,Sedang (0.50–0.74)
Kebersihan & Aktivitas Pemulihan,0.8158,Tinggi (≥0.75)
Kebutuhan Makan & Aktivitas Fisik,0.75,Tinggi (≥0.75)
Ketakutan & Dampak Banjir,0.6111,Sedang (0.50–0.74)
Kehilangan & Trauma Keluarga,0.75,Tinggi (≥0.75)
Ketakutan & Dampak Banjir,0.8793,Tinggi (≥0.75)
Ketakutan & Dampak Banjir,0.75,Tinggi (≥0.75)
Ketakutan & Dampak Banjir,0.6111,Sedang (0.50–0.74)
Kehilangan & Trauma Keluarga,0.6111,Sedang (0.50–0.74)
Keluhan Fisik & Kesehatan,0.8158,Tinggi (≥0.75)
Keluhan Fisik & Kesehatan,0.75,Tinggi (≥0.75)
Kebutuhan Makan & Aktivitas Fisik,0.6111,Sedang (0.50–0.74)
Kebersihan & Aktivitas Pemulihan,0.6111,Sedang (0.50–0.74)
Kebutuhan Makan & Aktivitas Fisik,0.6111,Sedang (0.50–0.74)
Kehilangan & Trauma Keluarga,0.125,Rendah (<0.50)
Kebersihan & Aktivitas Pemulihan,0.8158,Tinggi (≥0.75)
Kehilangan & Trauma Keluarga,0.125,Rendah (<0.50)
Kebutuhan Makan & Aktivitas Fisik,0.6111,Sedang (0.50–0.74)
Kebersihan & Aktivitas Pemulihan,0.75,Tinggi (≥0.75)
Bencana & Kehilangan Tempat Tinggal,0.6111,Sedang (0.50–0.74)
Kehilangan & Trauma Keluarga,0.125,Rendah (<0.50)
Kerusakan Rumah & Bantuan,0.6458,Sedang (0.50–0.74)
Ketakutan & Dampak Banjir,0.3929,Rendah (<0.50)
Kerusakan Rumah & Bantuan,0.6111,Sedang (0.50–0.74)
Kehilangan & Trauma Keluarga,0.5526,Sedang (0.50–0.74)
Dampak Pendidikan & Tempat Tidur,0.6458,Sedang (0.50–0.74)
Kebersihan & Aktivitas Pemulihan,0.75,Tinggi (≥0.75)
Kebersihan & Aktivitas Pemulihan,0.75,Tinggi (≥0.75)
Kerusakan Rumah & Bantuan,0.75,Tinggi (≥0.75)
Ketakutan & Dampak Banjir,0.6111,Sedang (0.50–0.74)
Kebersihan & Aktivitas Pemulihan,0.6111,Sedang (0.50–0.74)
Ketakutan & Dampak Banjir,0.8158,Tinggi (≥0.75)
Ketakutan & Dampak Banjir,0.8158,Tinggi (≥0.75)
Kebersihan & Aktivitas Pemulihan,0.4821,Rendah (<0.50)
Ketakutan & Dampak Banjir,0.6458,Sedang (0.50–0.74)
Keluhan Fisik & Kesehatan,0.8158,Tinggi (≥0.75)
Keluhan Fisik & Kesehatan,0.7066,Sedang (0.50–0.74)
Kebersihan & Aktivitas Pemulihan,0.8542,Tinggi (≥0.75)
Kebersihan & Aktivitas Pemulihan,0.8158,Tinggi (≥0.75)
Ketakutan & Dampak Banjir,0.6111,Sedang (0.50–0.74)
Kebersihan & Aktivitas Pemulihan,0.8158,Tinggi (≥0.75)
Keluhan Fisik & Kesehatan,0.6111,Sedang (0.50–0.74)
Dampak Pendidikan & Tempat Tidur,0.8158,Tinggi (≥0.75)
Kebersihan & Aktivitas Pemulihan,0.6111,Sedang (0.50–0.74)
Kebersihan & Aktivitas Pemulihan,0.6283,Sedang (0.50–0.74)
Kebersihan & Aktivitas Pemulihan,0.75,Tinggi (≥0.75)
Ketakutan & Dampak Banjir,0.8158,Tinggi (≥0.75)
Kerusakan Rumah & Bantuan,0.75,Tinggi (≥0.75)
Dampak Pendidikan & Tempat Tidur,0.6458,Sedang (0.50–0.74)
Ketakutan & Dampak Banjir,0.6111,Sedang (0.50–0.74)
Kerusakan Rumah & Bantuan,0.6458,Sedang (0.50–0.74)
Ketakutan & Dampak Banjir,0.8158,Tinggi (≥0.75)
Ketakutan & Dampak Banjir,0.6111,Sedang (0.50–0.74)
Ketakutan & Dampak Banjir,0.8158,Tinggi (≥0.75)
Kebutuhan Makan & Aktivitas Fisik,0.5526,Sedang (0.50–0.74)
Dampak Pendidikan & Tempat Tidur,0.6111,Sedang (0.50–0.74)
Keluhan Fisik & Kesehatan,0.6111,Sedang (0.50–0.74)
Kebersihan & Aktivitas Pemulihan,0.75,Tinggi (≥0.75)
Kebersihan & Aktivitas Pemulihan,0.75,Tinggi (≥0.75)
Kehilangan & Trauma Keluarga,0.125,Rendah (<0.50)
Ketakutan & Dampak Banjir,0.8158,Tinggi (≥0.75)
Dampak Pendidikan & Tempat Tidur,0.75,Tinggi (≥0.75)
Dampak Pendidikan & Tempat Tidur,0.3929,Rendah (<0.50)
Kebersihan & Aktivitas Pemulihan,0.8158,Tinggi (≥0.75)
Bencana & Kehilangan Tempat Tinggal,0.3929,Rendah (<0.50)
Kebersihan & Aktivitas Pemulihan,0.75,Tinggi (≥0.75)
Kebersihan & Aktivitas Pemulihan,0.8793,Tinggi (≥0.75)
Ketakutan & Dampak Banjir,0.8793,Tinggi (≥0.75)
Kebersihan & Aktivitas Pemulihan,0.6111,Sedang (0.50–0.74)
Ketakutan & Dampak Banjir,0.6111,Sedang (0.50–0.74)
Ketakutan & Dampak Banjir,0.75,Tinggi (≥0.75)
Ketakutan & Dampak Banjir,0.6111,Sedang (0.50–0.74)
Bencana & Kehilangan Tempat Tinggal,0.3929,Rendah (<0.50)
Keluhan Fisik & Kesehatan,0.8158,Tinggi (≥0.75)
Kebersihan & Aktivitas Pemulihan,0.8158,Tinggi (≥0.75)
Kebersihan & Aktivitas Pemulihan,0.8793,Tinggi (≥0.75)
Ketakutan & Dampak Banjir,0.6111,Sedang (0.50–0.74)
Dampak Pendidikan & Tempat Tidur,0.6111,Sedang (0.50–0.74)
Kebersihan & Aktivitas Pemulihan,0.8158,Tinggi (≥0.75)
Kebersihan & Aktivitas Pemulihan,0.8158,Tinggi (≥0.75)
Dampak Pendidikan & Tempat Tidur,0.6111,Sedang (0.50–0.74)
Kebersihan & Aktivitas Pemulihan,0.5526,Sedang (0.50–0.74)
Ketakutan & Dampak Banjir,0.75,Tinggi (≥0.75)
Keluhan Fisik & Kesehatan,0.3928,Rendah (<0.50)
Ketakutan & Dampak Banjir,0.5159,Sedang (0.50–0.74)
Kebersihan & Aktivitas Pemulihan,0.8542,Tinggi (≥0.75)
Ketakutan & Dampak Banjir,0.8793,Tinggi (≥0.75)
Kebersihan & Aktivitas Pemulihan,0.5067,Sedang (0.50–0.74)
Ketakutan & Dampak Banjir,0.6111,Sedang (0.50–0.74)
Kebersihan & Aktivitas Pemulihan,0.6111,Sedang (0.50–0.74)
Keluhan Fisik & Kesehatan,0.8158,Tinggi (≥0.75)
Keluhan Fisik & Kesehatan,0.8158,Tinggi (≥0.75)
Kehilangan & Trauma Keluarga,0.6111,Sedang (0.50–0.74)
Kebersihan & Aktivitas Pemulihan,0.3929,Rendah (<0.50)
Bencana & Kehilangan Tempat Tinggal,0.6111,Sedang (0.50–0.74)
Kebersihan & Aktivitas Pemulihan,0.8158,Tinggi (≥0.75)
Kebersihan & Aktivitas Pemulihan,0.8158,Tinggi (≥0.75)
Kehilangan & Trauma Keluarga,0.8158,Tinggi (≥0.75)
Dampak Pendidikan & Tempat Tidur,0.6458,Sedang (0.50–0.74)
Kebutuhan Makan & Aktivitas Fisik,0.8158,Tinggi (≥0.75)
Kehilangan & Trauma Keluarga,0.362,Rendah (<0.50)
Ketakutan & Dampak Banjir,0.6111,Sedang (0.50–0.74)
Keluhan Fisik & Kesehatan,0.3929,Rendah (<0.50)
Kebutuhan Makan & Aktivitas Fisik,0.8158,Tinggi (≥0.75)
Kebutuhan Makan & Aktivitas Fisik,0.8158,Tinggi (≥0.75)
Keluhan Fisik & Kesehatan,0.6111,Sedang (0.50–0.74)
Ketakutan & Dampak Banjir,0.8542,Tinggi (≥0.75)
Dampak Pendidikan & Tempat Tidur,0.521,Sedang (0.50–0.74)
Kebutuhan Makan & Aktivitas Fisik,0.8541,Tinggi (≥0.75)
Dampak Pendidikan & Tempat Tidur,0.3929,Rendah (<0.50)
Ketakutan & Dampak Banjir,0.8542,Tinggi (≥0.75)
Kebutuhan Makan & Aktivitas Fisik,0.8158,Tinggi (≥0.75)
Kebutuhan Makan & Aktivitas Fisik,0.75,Tinggi (≥0.75)
Dampak Pendidikan & Tempat Tidur,0.8158,Tinggi (≥0.75)
Kebersihan & Aktivitas Pemulihan,0.6283,Sedang (0.50–0.74)
Ketakutan & Dampak Banjir,0.3929,Rendah (<0.50)
Ketakutan & Dampak Banjir,0.75,Tinggi (≥0.75)
Bencana & Kehilangan Tempat Tinggal,0.75,Tinggi (≥0.75)
Ketakutan & Dampak Banjir,0.75,Tinggi (≥0.75)
Ketakutan & Dampak Banjir,0.8793,Tinggi (≥0.75)
Kerusakan Rumah & Bantuan,0.75,Tinggi (≥0.75)
Dampak Pendidikan & Tempat Tidur,0.8542,Tinggi (≥0.75)
Ketakutan & Dampak Banjir,0.7072,Sedang (0.50–0.74)
Kebutuhan Makan & Aktivitas Fisik,0.8158,Tinggi (≥0.75)
Kehilangan & Trauma Keluarga,0.3929,Rendah (<0.50)
Ketakutan & Dampak Banjir,0.9352,Tinggi (≥0.75)
Kebutuhan Makan & Aktivitas Fisik,0.5526,Sedang (0.50–0.74)
Keluhan Fisik & Kesehatan,0.8158,Tinggi (≥0.75)
Kerusakan Rumah & Bantuan,0.6111,Sedang (0.50–0.74)
Kebutuhan Makan & Aktivitas Fisik,0.8542,Tinggi (≥0.75)
Kebutuhan Makan & Aktivitas Fisik,0.75,Tinggi (≥0.75)
Ketakutan & Dampak Banjir,0.2895,Rendah (<0.50)
Dampak Pendidikan & Tempat Tidur,0.3929,Rendah (<0.50)
Kebersihan & Aktivitas Pemulihan,0.7069,Sedang (0.50–0.74)
Dampak Pendidikan & Tempat Tidur,0.3929,Rendah (<0.50)
Kebersihan & Aktivitas Pemulihan,0.5345,Sedang (0.50–0.74)
Kebersihan & Aktivitas Pemulihan,0.6111,Sedang (0.50–0.74)
Kerusakan Rumah & Bantuan,0.75,Tinggi (≥0.75)
Ketakutan & Dampak Banjir,0.8158,Tinggi (≥0.75)
Ketakutan & Dampak Banjir,0.6111,Sedang (0.50–0.74)
Ketakutan & Dampak Banjir,0.6111,Sedang (0.50–0.74)
Kebersihan & Aktivitas Pemulihan,0.6458,Sedang (0.50–0.74)
Kehilangan & Trauma Keluarga,0.3929,Rendah (<0.50)
Ketakutan & Dampak Banjir,0.3938,Rendah (<0.50)
Kebutuhan Makan & Aktivitas Fisik,0.8158,Tinggi (≥0.75)
Kebutuhan Makan & Aktivitas Fisik,0.8158,Tinggi (≥0.75)
Ketakutan & Dampak Banjir,0.3929,Rendah (<0.50)
Dampak Pendidikan & Tempat Tidur,0.75,Tinggi (≥0.75)
Ketakutan & Dampak Banjir,0.304,Rendah (<0.50)
Bencana & Kehilangan Tempat Tinggal,0.6111,Sedang (0.50–0.74)
Bencana & Kehilangan Tempat Tinggal,0.6111,Sedang (0.50–0.74)
Kehilangan & Trauma Keluarga,0.125,Rendah (<0.50)
Kebutuhan Makan & Aktivitas Fisik,0.5028,Sedang (0.50–0.74)
Keluhan Fisik & Kesehatan,0.7066,Sedang (0.50–0.74)
Kebersihan & Aktivitas Pemulihan,0.8158,Tinggi (≥0.75)
Kebersihan & Aktivitas Pemulihan,0.8158,Tinggi (≥0.75)
Kebutuhan Makan & Aktivitas Fisik,0.8158,Tinggi (≥0.75)
Ketakutan & Dampak Banjir,0.75,Tinggi (≥0.75)
Kebersihan & Aktivitas Pemulihan,0.7069,Sedang (0.50–0.74)
Kerusakan Rumah & Bantuan,0.6111,Sedang (0.50–0.74)
Dampak Pendidikan & Tempat Tidur,0.75,Tinggi (≥0.75)
Kehilangan & Trauma Keluarga,0.3929,Rendah (<0.50)
Ketakutan & Dampak Banjir,0.6111,Sedang (0.50–0.74)
Kebersihan & Aktivitas Pemulihan,0.6111,Sedang (0.50–0.74)
Kebersihan & Aktivitas Pemulihan,0.6111,Sedang (0.50–0.74)
Dampak Pendidikan & Tempat Tidur,0.3929,Rendah (<0.50)
Kebersihan & Aktivitas Pemulihan,0.4564,Rendah (<0.50)
Kerusakan Rumah & Bantuan,0.6111,Sedang (0.50–0.74)
Kerusakan Rumah & Bantuan,0.8158,Tinggi (≥0.75)
Kebutuhan Makan & Aktivitas Fisik,0.6111,Sedang (0.50–0.74)
Kehilangan & Trauma Keluarga,0.125,Rendah (<0.50)
Kebutuhan Makan & Aktivitas Fisik,0.6111,Sedang (0.50–0.74)
Kebutuhan Makan & Aktivitas Fisik,0.8158,Tinggi (≥0.75)
Keluhan Fisik & Kesehatan,0.6111,Sedang (0.50–0.74)
Kerusakan Rumah & Bantuan,0.8158,Tinggi (≥0.75)
Dampak Pendidikan & Tempat Tidur,0.4427,Rendah (<0.50)
Dampak Pendidikan & Tempat Tidur,0.6111,Sedang (0.50–0.74)
Bencana & Kehilangan Tempat Tinggal,0.6111,Sedang (0.50–0.74)
Kehilangan & Trauma Keluarga,0.125,Rendah (<0.50)
Kehilangan & Trauma Keluarga,0.6111,Sedang (0.50–0.74)
Kebersihan & Aktivitas Pemulihan,0.3929,Rendah (<0.50)
Kebutuhan Makan & Aktivitas Fisik,0.8158,Tinggi (≥0.75)
Ketakutan & Dampak Banjir,0.8542,Tinggi (≥0.75)
Dampak Pendidikan & Tempat Tidur,0.6111,Sedang (0.50–0.74)
Kerusakan Rumah & Bantuan,0.5345,Sedang (0.50–0.74)
Keluhan Fisik & Kesehatan,0.8158,Tinggi (≥0.75)
Kehilangan & Trauma Keluarga,0.8541,Tinggi (≥0.75)
Ketakutan & Dampak Banjir,0.5403,Sedang (0.50–0.74)
Ketakutan & Dampak Banjir,0.8541,Tinggi (≥0.75)
Ketakutan & Dampak Banjir,0.6111,Sedang (0.50–0.74)
Ketakutan & Dampak Banjir,0.6531,Sedang (0.50–0.74)
Ketakutan & Dampak Banjir,0.8793,Tinggi (≥0.75)
Dampak Pendidikan & Tempat Tidur,0.75,Tinggi (≥0.75)
Ketakutan & Dampak Banjir,0.75,Tinggi (≥0.75)
Ketakutan & Dampak Banjir,0.8793,Tinggi (≥0.75)
Ketakutan & Dampak Banjir,0.8793,Tinggi (≥0.75)
Ketakutan & Dampak Banjir,0.8542,Tinggi (≥0.75)
Ketakutan & Dampak Banjir,0.8542,Tinggi (≥0.75)
Kerusakan Rumah & Bantuan,0.8793,Tinggi (≥0.75)
Kerusakan Rumah & Bantuan,0.8158,Tinggi (≥0.75)
Ketakutan & Dampak Banjir,0.8793,Tinggi (≥0.75)
Kebersihan & Aktivitas Pemulihan,0.4502,Rendah (<0.50)
Kebutuhan Makan & Aktivitas Fisik,0.6111,Sedang (0.50–0.74)
Kebutuhan Makan & Aktivitas Fisik,0.75,Tinggi (≥0.75)
Keluhan Fisik & Kesehatan,0.75,Tinggi (≥0.75)
Keluhan Fisik & Kesehatan,0.75,Tinggi (≥0.75)
Kehilangan & Trauma Keluarga,0.8158,Tinggi (≥0.75)
Bencana & Kehilangan Tempat Tinggal,0.6111,Sedang (0.50–0.74)
Dampak Pendidikan & Tempat Tidur,0.3929,Rendah (<0.50)
Ketakutan & Dampak Banjir,0.618,Sedang (0.50–0.74)
Kebersihan & Aktivitas Pemulihan,0.6282,Sedang (0.50–0.74)
Kehilangan & Trauma Keluarga,0.8158,Tinggi (≥0.75)
Bencana & Kehilangan Tempat Tinggal,0.6111,Sedang (0.50–0.74)
Keluhan Fisik & Kesehatan,0.8158,Tinggi (≥0.75)
Keluhan Fisik & Kesehatan,0.8158,Tinggi (≥0.75)
Kehilangan & Trauma Keluarga,0.6111,Sedang (0.50–0.74)
Kebutuhan Makan & Aktivitas Fisik,0.6111,Sedang (0.50–0.74)
Keluhan Fisik & Kesehatan,0.5517,Sedang (0.50–0.74)
Kerusakan Rumah & Bantuan,0.8158,Tinggi (≥0.75)
Kebersihan & Aktivitas Pemulihan,0.6458,Sedang (0.50–0.74)
Kehilangan & Trauma Keluarga,0.3929,Rendah (<0.50)
Kebersihan & Aktivitas Pemulihan,0.8793,Tinggi (≥0.75)
Kehilangan & Trauma Keluarga,0.2895,Rendah (<0.50)
Kerusakan Rumah & Bantuan,0.8158,Tinggi (≥0.75)
Kebutuhan Makan & Aktivitas Fisik,0.6111,Sedang (0.50–0.74)
Bencana & Kehilangan Tempat Tinggal,0.75,Tinggi (≥0.75)
Dampak Pendidikan & Tempat Tidur,0.8158,Tinggi (≥0.75)
Kehilangan & Trauma Keluarga,0.8158,Tinggi (≥0.75)
Kebersihan & Aktivitas Pemulihan,0.6111,Sedang (0.50–0.74)
Kerusakan Rumah & Bantuan,0.8158,Tinggi (≥0.75)
Kerusakan Rumah & Bantuan,0.8158,Tinggi (≥0.75)
Dampak Pendidikan & Tempat Tidur,0.6111,Sedang (0.50–0.74)
Kehilangan & Trauma Keluarga,0.6111,Sedang (0.50–0.74)
Kebersihan & Aktivitas Pemulihan,0.5526,Sedang (0.50–0.74)
Ketakutan & Dampak Banjir,0.75,Tinggi (≥0.75)
Bencana & Kehilangan Tempat Tinggal,0.75,Tinggi (≥0.75)
Ketakutan & Dampak Banjir,0.8158,Tinggi (≥0.75)
Kerusakan Rumah & Bantuan,0.8542,Tinggi (≥0.75)
Kerusakan Rumah & Bantuan,0.8158,Tinggi (≥0.75)
Ketakutan & Dampak Banjir,0.75,Tinggi (≥0.75)
Ketakutan & Dampak Banjir,0.8793,Tinggi (≥0.75)
Kebutuhan Makan & Aktivitas Fisik,0.8158,Tinggi (≥0.75)
Kehilangan & Trauma Keluarga,0.125,Rendah (<0.50)
Keluhan Fisik & Kesehatan,0.6111,Sedang (0.50–0.74)
Kebutuhan Makan & Aktivitas Fisik,0.2895,Rendah (<0.50)
Ketakutan & Dampak Banjir,0.6111,Sedang (0.50–0.74)
Kehilangan & Trauma Keluarga,0.6111,Sedang (0.50–0.74)
Ketakutan & Dampak Banjir,0.6111,Sedang (0.50–0.74)
Ketakutan & Dampak Banjir,0.6111,Sedang (0.50–0.74)
Bencana & Kehilangan Tempat Tinggal,0.3929,Rendah (<0.50)
Keluhan Fisik & Kesehatan,0.75,Tinggi (≥0.75)
Keluhan Fisik & Kesehatan,0.8158,Tinggi (≥0.75)
Kebutuhan Makan & Aktivitas Fisik,0.75,Tinggi (≥0.75)
Kehilangan & Trauma Keluarga,0.6111,Sedang (0.50–0.74)
Kebutuhan Makan & Aktivitas Fisik,0.75,Tinggi (≥0.75)
Ketakutan & Dampak Banjir,0.8158,Tinggi (≥0.75)
Bencana & Kehilangan Tempat Tinggal,0.6111,Sedang (0.50–0.74)
Ketakutan & Dampak Banjir,0.5526,Sedang (0.50–0.74)
Ketakutan & Dampak Banjir,0.6111,Sedang (0.50–0.74)
Dampak Pendidikan & Tempat Tidur,0.75,Tinggi (≥0.75)
Kebersihan & Aktivitas Pemulihan,0.8541,Tinggi (≥0.75)
Keluhan Fisik & Kesehatan,0.6111,Sedang (0.50–0.74)
Kebutuhan Makan & Aktivitas Fisik,0.8158,Tinggi (≥0.75)
Kebutuhan Makan & Aktivitas Fisik,0.6111,Sedang (0.50–0.74)
Kebutuhan Makan & Aktivitas Fisik,0.3959,Rendah (<0.50)
Kehilangan & Trauma Keluarga,0.6111,Sedang (0.50–0.74)
Ketakutan & Dampak Banjir,0.75,Tinggi (≥0.75)
Ketakutan & Dampak Banjir,0.8542,Tinggi (≥0.75)
Ketakutan & Dampak Banjir,0.4125,Rendah (<0.50)
Keluhan Fisik & Kesehatan,0.6111,Sedang (0.50–0.74)
Kebersihan & Aktivitas Pemulihan,0.8158,Tinggi (≥0.75)
Kebersihan & Aktivitas Pemulihan,0.75,Tinggi (≥0.75)
Ketakutan & Dampak Banjir,0.75,Tinggi (≥0.75)
Ketakutan & Dampak Banjir,0.8158,Tinggi (≥0.75)
Bencana & Kehilangan Tempat Tinggal,0.6111,Sedang (0.50–0.74)
Kerusakan Rumah & Bantuan,0.75,Tinggi (≥0.75)
Ketakutan & Dampak Banjir,0.8793,Tinggi (≥0.75)
Kehilangan & Trauma Keluarga,0.5855,Sedang (0.50–0.74)
Kehilangan & Trauma Keluarga,0.6111,Sedang (0.50–0.74)
Kebutuhan Makan & Aktivitas Fisik,0.6111,Sedang (0.50–0.74)
Keluhan Fisik & Kesehatan,0.6111,Sedang (0.50–0.74)
Kebutuhan Makan & Aktivitas Fisik,0.3929,Rendah (<0.50)
Ketakutan & Dampak Banjir,0.782,Tinggi (≥0.75)
Ketakutan & Dampak Banjir,0.8542,Tinggi (≥0.75)
Keluhan Fisik & Kesehatan,0.5526,Sedang (0.50–0.74)
Ketakutan & Dampak Banjir,0.75,Tinggi (≥0.75)
Ketakutan & Dampak Banjir,0.8158,Tinggi (≥0.75)
Bencana & Kehilangan Tempat Tinggal,0.75,Tinggi (≥0.75)
Kebersihan & Aktivitas Pemulihan,0.6111,Sedang (0.50–0.74)
Kebersihan & Aktivitas Pemulihan,0.75,Tinggi (≥0.75)
Kebersihan & Aktivitas Pemulihan,0.6111,Sedang (0.50–0.74)
Kebersihan & Aktivitas Pemulihan,0.3929,Rendah (<0.50)
Kebutuhan Makan & Aktivitas Fisik,0.6111,Sedang (0.50–0.74)
Dampak Pendidikan & Tempat Tidur,0.6111,Sedang (0.50–0.74)
Kebutuhan Makan & Aktivitas Fisik,0.5582,Sedang (0.50–0.74)
Kehilangan & Trauma Keluarga,0.125,Rendah (<0.50)
Ketakutan & Dampak Banjir,0.6111,Sedang (0.50–0.74)
Kerusakan Rumah & Bantuan,0.7779,Tinggi (≥0.75)
Kehilangan & Trauma Keluarga,0.6111,Sedang (0.50–0.74)
Kerusakan Rumah & Bantuan,0.5102,Sedang (0.50–0.74)
Ketakutan & Dampak Banjir,0.8158,Tinggi (≥0.75)
Ketakutan & Dampak Banjir,0.3929,Rendah (<0.50)
Dampak Pendidikan & Tempat Tidur,0.6111,Sedang (0.50–0.74)
Dampak Pendidikan & Tempat Tidur,0.5212,Sedang (0.50–0.74)
Kerusakan Rumah & Bantuan,0.6458,Sedang (0.50–0.74)
Kebersihan & Aktivitas Pemulihan,0.6111,Sedang (0.50–0.74)
Kebersihan & Aktivitas Pemulihan,0.4503,Rendah (<0.50)
Ketakutan & Dampak Banjir,0.3929,Rendah (<0.50)
Ketakutan & Dampak Banjir,0.75,Tinggi (≥0.75)
Ketakutan & Dampak Banjir,0.8793,Tinggi (≥0.75)
Kehilangan & Trauma Keluarga,0.125,Rendah (<0.50)
Kehilangan & Trauma Keluarga,0.125,Rendah (<0.50)
Dampak Pendidikan & Tempat Tidur,0.6111,Sedang (0.50–0.74)
Ketakutan & Dampak Banjir,0.8542,Tinggi (≥0.75)
Ketakutan & Dampak Banjir,0.8971,Tinggi (≥0.75)
Bencana & Kehilangan Tempat Tinggal,0.4375,Rendah (<0.50)
Kerusakan Rumah & Bantuan,0.8158,Tinggi (≥0.75)
Kerusakan Rumah & Bantuan,0.8542,Tinggi (≥0.75)
Kehilangan & Trauma Keluarga,0.6111,Sedang (0.50–0.74)
Ketakutan & Dampak Banjir,0.7069,Sedang (0.50–0.74)
Kebersihan & Aktivitas Pemulihan,0.4375,Rendah (<0.50)
Kebutuhan Makan & Aktivitas Fisik,0.4375,Rendah (<0.50)
Ketakutan & Dampak Banjir,0.8541,Tinggi (≥0.75)
Ketakutan & Dampak Banjir,0.6111,Sedang (0.50–0.74)
Ketakutan & Dampak Banjir,0.8971,Tinggi (≥0.75)
Kehilangan & Trauma Keluarga,0.4513,Rendah (<0.50)
Dampak Pendidikan & Tempat Tidur,0.6111,Sedang (0.50–0.74)
Kehilangan & Trauma Keluarga,0.125,Rendah (<0.50)
Keluhan Fisik & Kesehatan,0.8158,Tinggi (≥0.75)
Keluhan Fisik & Kesehatan,0.3929,Rendah (<0.50)
Kehilangan & Trauma Keluarga,0.6111,Sedang (0.50–0.74)
Keluhan Fisik & Kesehatan,0.75,Tinggi (≥0.75)
Bencana & Kehilangan Tempat Tinggal,0.5345,Sedang (0.50–0.74)
Dampak Pendidikan & Tempat Tidur,0.6458,Sedang (0.50–0.74)
Kebutuhan Makan & Aktivitas Fisik,0.4439,Rendah (<0.50)
Kebersihan & Aktivitas Pemulihan,0.897,Tinggi (≥0.75)
Ketakutan & Dampak Banjir,0.6141,Sedang (0.50–0.74)
Kerusakan Rumah & Bantuan,0.6458,Sedang (0.50–0.74)
Kebutuhan Makan & Aktivitas Fisik,0.8158,Tinggi (≥0.75)
Kebutuhan Makan & Aktivitas Fisik,0.6458,Sedang (0.50–0.74)
Ketakutan & Dampak Banjir,0.6111,Sedang (0.50–0.74)
Ketakutan & Dampak Banjir,0.393,Rendah (<0.50)
Ketakutan & Dampak Banjir,0.8158,Tinggi (≥0.75)
Dampak Pendidikan & Tempat Tidur,0.75,Tinggi (≥0.75)
Kehilangan & Trauma Keluarga,0.125,Rendah (<0.50)
Kerusakan Rumah & Bantuan,0.8158,Tinggi (≥0.75)
Ketakutan & Dampak Banjir,0.3929,Rendah (<0.50)
Ketakutan & Dampak Banjir,0.8158,Tinggi (≥0.75)
Bencana & Kehilangan Tempat Tinggal,0.8542,Tinggi (≥0.75)
Ketakutan & Dampak Banjir,0.6111,Sedang (0.50–0.74)
Ketakutan & Dampak Banjir,0.8793,Tinggi (≥0.75)
Kehilangan & Trauma Keluarga,0.3929,Rendah (<0.50)
Ketakutan & Dampak Banjir,0.6111,Sedang (0.50–0.74)
Ketakutan & Dampak Banjir,0.6111,Sedang (0.50–0.74)
Kebersihan & Aktivitas Pemulihan,0.6111,Sedang (0.50–0.74)
Kerusakan Rumah & Bantuan,0.6111,Sedang (0.50–0.74)
Kehilangan & Trauma Keluarga,0.125,Rendah (<0.50)
Kehilangan & Trauma Keluarga,0.75,Tinggi (≥0.75)
Keluhan Fisik & Kesehatan,0.4559,Rendah (<0.50)
Kehilangan & Trauma Keluarga,0.6111,Sedang (0.50–0.74)
Keluhan Fisik & Kesehatan,0.3929,Rendah (<0.50)
Keluhan Fisik & Kesehatan,0.6111,Sedang (0.50–0.74)
Kebutuhan Makan & Aktivitas Fisik,0.8158,Tinggi (≥0.75)
Ketakutan & Dampak Banjir,0.6111,Sedang (0.50–0.74)
Kerusakan Rumah & Bantuan,0.6111,Sedang (0.50–0.74)
Kehilangan & Trauma Keluarga,0.125,Rendah (<0.50)
Keluhan Fisik & Kesehatan,0.8158,Tinggi (≥0.75)
Kerusakan Rumah & Bantuan,0.6111,Sedang (0.50–0.74)
Kehilangan & Trauma Keluarga,0.6111,Sedang (0.50–0.74)
Kebutuhan Makan & Aktivitas Fisik,0.6458,Sedang (0.50–0.74)
Keluhan Fisik & Kesehatan,0.6111,Sedang (0.50–0.74)
Keluhan Fisik & Kesehatan,0.6111,Sedang (0.50–0.74)
Ketakutan & Dampak Banjir,0.8158,Tinggi (≥0.75)
Kerusakan Rumah & Bantuan,0.3929,Rendah (<0.50)
Dampak Pendidikan & Tempat Tidur,0.3929,Rendah (<0.50)
Dampak Pendidikan & Tempat Tidur,0.6111,Sedang (0.50–0.74)
Kehilangan & Trauma Keluarga,0.125,Rendah (<0.50)
Ketakutan & Dampak Banjir,0.6111,Sedang (0.50–0.74)
Ketakutan & Dampak Banjir,0.6461,Sedang (0.50–0.74)
Kebersihan & Aktivitas Pemulihan,0.8158,Tinggi (≥0.75)
Kebutuhan Makan & Aktivitas Fisik,0.6111,Sedang (0.50–0.74)
Ketakutan & Dampak Banjir,0.8793,Tinggi (≥0.75)
Ketakutan & Dampak Banjir,0.4375,Rendah (<0.50)
Kerusakan Rumah & Bantuan,0.6246,Sedang (0.50–0.74)
Kerusakan Rumah & Bantuan,0.8793,Tinggi (≥0.75)
Keluhan Fisik & Kesehatan,0.6029,Sedang (0.50–0.74)
Kebutuhan Makan & Aktivitas Fisik,0.75,Tinggi (≥0.75)
Kebutuhan Makan & Aktivitas Fisik,0.8158,Tinggi (≥0.75)
Kebutuhan Makan & Aktivitas Fisik,0.8793,Tinggi (≥0.75)
Kebutuhan Makan & Aktivitas Fisik,0.8158,Tinggi (≥0.75)
Kebutuhan Makan & Aktivitas Fisik,0.6111,Sedang (0.50–0.74)
Keluhan Fisik & Kesehatan,0.6111,Sedang (0.50–0.74)
Keluhan Fisik & Kesehatan,0.75,Tinggi (≥0.75)
Ketakutan & Dampak Banjir,0.6111,Sedang (0.50–0.74)
Kehilangan & Trauma Keluarga,0.125,Rendah (<0.50)
Kehilangan & Trauma Keluarga,0.125,Rendah (<0.50)
Kehilangan & Trauma Keluarga,0.4048,Rendah (<0.50)
Kebersihan & Aktivitas Pemulihan,0.6111,Sedang (0.50–0.74)
Kebutuhan Makan & Aktivitas Fisik,0.5582,Sedang (0.50–0.74)
Kehilangan & Trauma Keluarga,0.6111,Sedang (0.50–0.74)
Keluhan Fisik & Kesehatan,0.8158,Tinggi (≥0.75)
Kehilangan & Trauma Keluarga,0.8793,Tinggi (≥0.75)
Ketakutan & Dampak Banjir,0.8157,Tinggi (≥0.75)
Kehilangan & Trauma Keluarga,0.125,Rendah (<0.50)
Kebersihan & Aktivitas Pemulihan,0.8158,Tinggi (≥0.75)
Kebutuhan Makan & Aktivitas Fisik,0.8158,Tinggi (≥0.75)
Kebersihan & Aktivitas Pemulihan,0.6111,Sedang (0.50–0.74)
Kebutuhan Makan & Aktivitas Fisik,0.75,Tinggi (≥0.75)
Kebersihan & Aktivitas Pemulihan,0.8542,Tinggi (≥0.75)
Kerusakan Rumah & Bantuan,0.438,Rendah (<0.50)
Kebersihan & Aktivitas Pemulihan,0.8158,Tinggi (≥0.75)
Kehilangan & Trauma Keluarga,0.6111,Sedang (0.50–0.74)
Dampak Pendidikan & Tempat Tidur,0.75,Tinggi (≥0.75)
Ketakutan & Dampak Banjir,0.6111,Sedang (0.50–0.74)
Kerusakan Rumah & Bantuan,0.75,Tinggi (≥0.75)
Kebersihan & Aktivitas Pemulihan,0.6111,Sedang (0.50–0.74)
Kerusakan Rumah & Bantuan,0.8542,Tinggi (≥0.75)
Kerusakan Rumah & Bantuan,0.6111,Sedang (0.50–0.74)
Dampak Pendidikan & Tempat Tidur,0.3928,Rendah (<0.50)
Kebutuhan Makan & Aktivitas Fisik,0.8158,Tinggi (≥0.75)
Kehilangan & Trauma Keluarga,0.125,Rendah (<0.50)
Kebersihan & Aktivitas Pemulihan,0.6111,Sedang (0.50–0.74)
Ketakutan & Dampak Banjir,0.8793,Tinggi (≥0.75)
Ketakutan & Dampak Banjir,0.6111,Sedang (0.50–0.74)
Kehilangan & Trauma Keluarga,0.3929,Rendah (<0.50)
Bencana & Kehilangan Tempat Tinggal,0.6111,Sedang (0.50–0.74)
Bencana & Kehilangan Tempat Tinggal,0.6111,Sedang (0.50–0.74)
Ketakutan & Dampak Banjir,0.3928,Rendah (<0.50)
Keluhan Fisik & Kesehatan,0.8158,Tinggi (≥0.75)
Kebutuhan Makan & Aktivitas Fisik,0.6458,Sedang (0.50–0.74)
Ketakutan & Dampak Banjir,0.8158,Tinggi (≥0.75)
Kebersihan & Aktivitas Pemulihan,0.6111,Sedang (0.50–0.74)
Kebutuhan Makan & Aktivitas Fisik,0.8158,Tinggi (≥0.75)
Dampak Pendidikan & Tempat Tidur,0.8158,Tinggi (≥0.75)
Dampak Pendidikan & Tempat Tidur,0.6111,Sedang (0.50–0.74)
Dampak Pendidikan & Tempat Tidur,0.5212,Sedang (0.50–0.74)
Kebutuhan Makan & Aktivitas Fisik,0.8158,Tinggi (≥0.75)
Kebersihan & Aktivitas Pemulihan,0.6111,Sedang (0.50–0.74)
Ketakutan & Dampak Banjir,0.6531,Sedang (0.50–0.74)
Ketakutan & Dampak Banjir,0.8793,Tinggi (≥0.75)
Kerusakan Rumah & Bantuan,0.6111,Sedang (0.50–0.74)
Kehilangan & Trauma Keluarga,0.75,Tinggi (≥0.75)
Ketakutan & Dampak Banjir,0.3929,Rendah (<0.50)
Kerusakan Rumah & Bantuan,0.6111,Sedang (0.50–0.74)
Ketakutan & Dampak Banjir,0.75,Tinggi (≥0.75)
Ketakutan & Dampak Banjir,0.9286,Tinggi (≥0.75)
Kebutuhan Makan & Aktivitas Fisik,0.8542,Tinggi (≥0.75)
Kebutuhan Makan & Aktivitas Fisik,0.8542,Tinggi (≥0.75)
Kehilangan & Trauma Keluarga,0.3929,Rendah (<0.50)
Keluhan Fisik & Kesehatan,0.75,Tinggi (≥0.75)
Kehilangan & Trauma Keluarga,0.125,Rendah (<0.50)
Ketakutan & Dampak Banjir,0.6111,Sedang (0.50–0.74)
Kehilangan & Trauma Keluarga,0.3929,Rendah (<0.50)
Dampak Pendidikan & Tempat Tidur,0.6111,Sedang (0.50–0.74)
Ketakutan & Dampak Banjir,0.8793,Tinggi (≥0.75)
Ketakutan & Dampak Banjir,0.6111,Sedang (0.50–0.74)
Keluhan Fisik & Kesehatan,0.8158,Tinggi (≥0.75)
Kehilangan & Trauma Keluarga,0.125,Rendah (<0.50)
Kebutuhan Makan & Aktivitas Fisik,0.8158,Tinggi (≥0.75)
Kebersihan & Aktivitas Pemulihan,0.6111,Sedang (0.50–0.74)
Kebutuhan Makan & Aktivitas Fisik,0.8158,Tinggi (≥0.75)
Kebersihan & Aktivitas Pemulihan,0.75,Tinggi (≥0.75)
Ketakutan & Dampak Banjir,0.75,Tinggi (≥0.75)
Ketakutan & Dampak Banjir,0.6111,Sedang (0.50–0.74)
Kehilangan & Trauma Keluarga,0.6111,Sedang (0.50–0.74)
Dampak Pendidikan & Tempat Tidur,0.6111,Sedang (0.50–0.74)
Bencana & Kehilangan Tempat Tinggal,0.8971,Tinggi (≥0.75)
Kerusakan Rumah & Bantuan,0.3929,Rendah (<0.50)
Bencana & Kehilangan Tempat Tinggal,0.8542,Tinggi (≥0.75)
Kehilangan & Trauma Keluarga,0.8158,Tinggi (≥0.75)
Ketakutan & Dampak Banjir,0.75,Tinggi (≥0.75)
Kehilangan & Trauma Keluarga,0.125,Rendah (<0.50)
Ketakutan & Dampak Banjir,0.9286,Tinggi (≥0.75)
Ketakutan & Dampak Banjir,0.6971,Sedang (0.50–0.74)
Kebersihan & Aktivitas Pemulihan,0.9102,Tinggi (≥0.75)
Kehilangan & Trauma Keluarga,0.6111,Sedang (0.50–0.74)
Ketakutan & Dampak Banjir,0.7771,Tinggi (≥0.75)
Kerusakan Rumah & Bantuan,0.8158,Tinggi (≥0.75)
Kerusakan Rumah & Bantuan,0.538,Sedang (0.50–0.74)
Kebutuhan Makan & Aktivitas Fisik,0.3929,Rendah (<0.50)
Kerusakan Rumah & Bantuan,0.6006,Sedang (0.50–0.74)
Kerusakan Rumah & Bantuan,0.8158,Tinggi (≥0.75)
Kerusakan Rumah & Bantuan,0.8158,Tinggi (≥0.75)
Kerusakan Rumah & Bantuan,0.5526,Sedang (0.50–0.74)
Kerusakan Rumah & Bantuan,0.8158,Tinggi (≥0.75)
Bencana & Kehilangan Tempat Tinggal,0.8158,Tinggi (≥0.75)
Kerusakan Rumah & Bantuan,0.9103,Tinggi (≥0.75)
Kerusakan Rumah & Bantuan,0.6131,Sedang (0.50–0.74)
Kerusakan Rumah & Bantuan,0.7626,Tinggi (≥0.75)
Kerusakan Rumah & Bantuan,0.532,Sedang (0.50–0.74)
Kerusakan Rumah & Bantuan,0.75,Tinggi (≥0.75)
Ketakutan & Dampak Banjir,0.4193,Rendah (<0.50)
Ketakutan & Dampak Banjir,0.8793,Tinggi (≥0.75)
Kebutuhan Makan & Aktivitas Fisik,0.8158,Tinggi (≥0.75)
Kehilangan & Trauma Keluarga,0.8793,Tinggi (≥0.75)
Kebutuhan Makan & Aktivitas Fisik,0.8793,Tinggi (≥0.75)
Kehilangan & Trauma Keluarga,0.8793,Tinggi (≥0.75)
Kehilangan & Trauma Keluarga,0.5626,Sedang (0.50–0.74)
Kebutuhan Makan & Aktivitas Fisik,0.4647,Rendah (<0.50)
Ketakutan & Dampak Banjir,0.6359,Sedang (0.50–0.74)
Kebutuhan Makan & Aktivitas Fisik,0.6111,Sedang (0.50–0.74)
Kehilangan & Trauma Keluarga,0.8158,Tinggi (≥0.75)
Keluhan Fisik & Kesehatan,0.4043,Rendah (<0.50)
Ketakutan & Dampak Banjir,0.8793,Tinggi (≥0.75)
Keluhan Fisik & Kesehatan,0.6111,Sedang (0.50–0.74)
Keluhan Fisik & Kesehatan,0.75,Tinggi (≥0.75)
Kebersihan & Aktivitas Pemulihan,0.6111,Sedang (0.50–0.74)
Keluhan Fisik & Kesehatan,0.6111,Sedang (0.50–0.74)
Kehilangan & Trauma Keluarga,0.125,Rendah (<0.50)
Keluhan Fisik & Kesehatan,0.6111,Sedang (0.50–0.74)
Kebersihan & Aktivitas Pemulihan,0.6111,Sedang (0.50–0.74)
Kebutuhan Makan & Aktivitas Fisik,0.6111,Sedang (0.50–0.74)
Keluhan Fisik & Kesehatan,0.8158,Tinggi (≥0.75)
Ketakutan & Dampak Banjir,0.8158,Tinggi (≥0.75)
Kerusakan Rumah & Bantuan,0.4263,Rendah (<0.50)
Kerusakan Rumah & Bantuan,0.4737,Rendah (<0.50)
Kerusakan Rumah & Bantuan,0.3474,Rendah (<0.50)
Keluhan Fisik & Kesehatan,0.4309,Rendah (<0.50)
Kerusakan Rumah & Bantuan,0.8793,Tinggi (≥0.75)
Ketakutan & Dampak Banjir,0.8971,Tinggi (≥0.75)
Keluhan Fisik & Kesehatan,0.8158,Tinggi (≥0.75)
Keluhan Fisik & Kesehatan,0.5517,Sedang (0.50–0.74)
Keluhan Fisik & Kesehatan,0.4368,Rendah (<0.50)
Keluhan Fisik & Kesehatan,0.8542,Tinggi (≥0.75)
Keluhan Fisik & Kesehatan,0.7066,Sedang (0.50–0.74)
Keluhan Fisik & Kesehatan,0.8542,Tinggi (≥0.75)
Keluhan Fisik & Kesehatan,0.7066,Sedang (0.50–0.74)
Kehilangan & Trauma Keluarga,0.125,Rendah (<0.50)
Keluhan Fisik & Kesehatan,0.6419,Sedang (0.50–0.74)
Keluhan Fisik & Kesehatan,0.6111,Sedang (0.50–0.74)
Kebutuhan Makan & Aktivitas Fisik,0.6111,Sedang (0.50–0.74)
Kerusakan Rumah & Bantuan,0.6111,Sedang (0.50–0.74)
Kebersihan & Aktivitas Pemulihan,0.75,Tinggi (≥0.75)
Keluhan Fisik & Kesehatan,0.6111,Sedang (0.50–0.74)
Kehilangan & Trauma Keluarga,0.125,Rendah (<0.50)
Dampak Pendidikan & Tempat Tidur,0.6111,Sedang (0.50–0.74)
Kebutuhan Makan & Aktivitas Fisik,0.8158,Tinggi (≥0.75)
Kebutuhan Makan & Aktivitas Fisik,0.8158,Tinggi (≥0.75)
Kebersihan & Aktivitas Pemulihan,0.8158,Tinggi (≥0.75)
Kebutuhan Makan & Aktivitas Fisik,0.8158,Tinggi (≥0.75)
Kebersihan & Aktivitas Pemulihan,0.6111,Sedang (0.50–0.74)
Ketakutan & Dampak Banjir,0.6111,Sedang (0.50–0.74)
Kebersihan & Aktivitas Pemulihan,0.8158,Tinggi (≥0.75)
Keluhan Fisik & Kesehatan,0.4365,Rendah (<0.50)
Kehilangan & Trauma Keluarga,0.75,Tinggi (≥0.75)
Keluhan Fisik & Kesehatan,0.7819,Tinggi (≥0.75)
Kehilangan & Trauma Keluarga,0.3929,Rendah (<0.50)
Dampak Pendidikan & Tempat Tidur,0.6412,Sedang (0.50–0.74)
Ketakutan & Dampak Banjir,0.4533,Rendah (<0.50)
Dampak Pendidikan & Tempat Tidur,0.8971,Tinggi (≥0.75)
Ketakutan & Dampak Banjir,0.5296,Sedang (0.50–0.74)
Ketakutan & Dampak Banjir,0.6815,Sedang (0.50–0.74)
Dampak Pendidikan & Tempat Tidur,0.4558,Rendah (<0.50)
Ketakutan & Dampak Banjir,0.6689,Sedang (0.50–0.74)
Kerusakan Rumah & Bantuan,0.897,Tinggi (≥0.75)
Ketakutan & Dampak Banjir,0.9102,Tinggi (≥0.75)
Ketakutan & Dampak Banjir,0.4238,Rendah (<0.50)
Kerusakan Rumah & Bantuan,0.6935,Sedang (0.50–0.74)
Bencana & Kehilangan Tempat Tinggal,0.7069,Sedang (0.50–0.74)
Kerusakan Rumah & Bantuan,0.7489,Sedang (0.50–0.74)
Ketakutan & Dampak Banjir,0.4699,Rendah (<0.50)
Kerusakan Rumah & Bantuan,0.7224,Sedang (0.50–0.74)
Kerusakan Rumah & Bantuan,0.698,Sedang (0.50–0.74)
Kebutuhan Makan & Aktivitas Fisik,0.6106,Sedang (0.50–0.74)
Bencana & Kehilangan Tempat Tinggal,0.6111,Sedang (0.50–0.74)
Kebutuhan Makan & Aktivitas Fisik,0.8793,Tinggi (≥0.75)
Kebutuhan Makan & Aktivitas Fisik,0.4766,Rendah (<0.50)
Kebutuhan Makan & Aktivitas Fisik,0.5648,Sedang (0.50–0.74)
Kehilangan & Trauma Keluarga,0.4989,Rendah (<0.50)
Keluhan Fisik & Kesehatan,0.6795,Sedang (0.50–0.74)
Keluhan Fisik & Kesehatan,0.8158,Tinggi (≥0.75)
Keluhan Fisik & Kesehatan,0.8793,Tinggi (≥0.75)
Keluhan Fisik & Kesehatan,0.3929,Rendah (<0.50)
Keluhan Fisik & Kesehatan,0.6458,Sedang (0.50–0.74)
Keluhan Fisik & Kesehatan,0.8158,Tinggi (≥0.75)
Kerusakan Rumah & Bantuan,0.8793,Tinggi (≥0.75)
Ketakutan & Dampak Banjir,0.8158,Tinggi (≥0.75)
Ketakutan & Dampak Banjir,0.6896,Sedang (0.50–0.74)
Ketakutan & Dampak Banjir,0.75,Tinggi (≥0.75)
Ketakutan & Dampak Banjir,0.8542,Tinggi (≥0.75)
Ketakutan & Dampak Banjir,0.6453,Sedang (0.50–0.74)
Keluhan Fisik & Kesehatan,0.7425,Sedang (0.50–0.74)
Keluhan Fisik & Kesehatan,0.4657,Rendah (<0.50)
Keluhan Fisik & Kesehatan,0.8158,Tinggi (≥0.75)
Keluhan Fisik & Kesehatan,0.8066,Tinggi (≥0.75)
Keluhan Fisik & Kesehatan,0.3523,Rendah (<0.50)
Keluhan Fisik & Kesehatan,0.6458,Sedang (0.50–0.74)
Keluhan Fisik & Kesehatan,0.6111,Sedang (0.50–0.74)
Keluhan Fisik & Kesehatan,0.75,Tinggi (≥0.75)
Kebutuhan Makan & Aktivitas Fisik,0.4581,Rendah (<0.50)
Kebutuhan Makan & Aktivitas Fisik,0.8971,Tinggi (≥0.75)
Kerusakan Rumah & Bantuan,0.6415,Sedang (0.50–0.74)
Kebutuhan Makan & Aktivitas Fisik,0.8542,Tinggi (≥0.75)
Kebutuhan Makan & Aktivitas Fisik,0.6529,Sedang (0.50–0.74)
Kebutuhan Makan & Aktivitas Fisik,0.3929,Rendah (<0.50)
Keluhan Fisik & Kesehatan,0.6111,Sedang (0.50–0.74)
Kebutuhan Makan & Aktivitas Fisik,0.3929,Rendah (<0.50)
Kebutuhan Makan & Aktivitas Fisik,0.715,Sedang (0.50–0.74)
Dampak Pendidikan & Tempat Tidur,0.6111,Sedang (0.50–0.74)
Ketakutan & Dampak Banjir,0.6111,Sedang (0.50–0.74)
Ketakutan & Dampak Banjir,0.6111,Sedang (0.50–0.74)
Kehilangan & Trauma Keluarga,0.6111,Sedang (0.50–0.74)
Ketakutan & Dampak Banjir,0.6111,Sedang (0.50–0.74)
Ketakutan & Dampak Banjir,0.6011,Sedang (0.50–0.74)
Kehilangan & Trauma Keluarga,0.4485,Rendah (<0.50)
Ketakutan & Dampak Banjir,0.5415,Sedang (0.50–0.74)
Ketakutan & Dampak Banjir,0.8076,Tinggi (≥0.75)
Kerusakan Rumah & Bantuan,0.8158,Tinggi (≥0.75)
Dampak Pendidikan & Tempat Tidur,0.6111,Sedang (0.50–0.74)
Bencana & Kehilangan Tempat Tinggal,0.6111,Sedang (0.50–0.74)
Kerusakan Rumah & Bantuan,0.6111,Sedang (0.50–0.74)
Ketakutan & Dampak Banjir,0.6111,Sedang (0.50–0.74)
Ketakutan & Dampak Banjir,0.8542,Tinggi (≥0.75)
Kerusakan Rumah & Bantuan,0.7804,Tinggi (≥0.75)
Ketakutan & Dampak Banjir,0.9407,Tinggi (≥0.75)
Ketakutan & Dampak Banjir,0.6571,Sedang (0.50–0.74)
Kebersihan & Aktivitas Pemulihan,0.4354,Rendah (<0.50)
Kerusakan Rumah & Bantuan,0.7478,Sedang (0.50–0.74)
Kerusakan Rumah & Bantuan,0.6763,Sedang (0.50–0.74)
Kehilangan & Trauma Keluarga,0.9205,Tinggi (≥0.75)
Kebutuhan Makan & Aktivitas Fisik,0.9493,Tinggi (≥0.75)
Kehilangan & Trauma Keluarga,0.8971,Tinggi (≥0.75)
Kebutuhan Makan & Aktivitas Fisik,0.9352,Tinggi (≥0.75)
Keluhan Fisik & Kesehatan,0.6111,Sedang (0.50–0.74)
Kebersihan & Aktivitas Pemulihan,0.6111,Sedang (0.50–0.74)
Keluhan Fisik & Kesehatan,0.6111,Sedang (0.50–0.74)
Keluhan Fisik & Kesehatan,0.8656,Tinggi (≥0.75)
Keluhan Fisik & Kesehatan,0.7226,Sedang (0.50–0.74)
Ketakutan & Dampak Banjir,0.5214,Sedang (0.50–0.74)
Ketakutan & Dampak Banjir,0.6111,Sedang (0.50–0.74)
Keluhan Fisik & Kesehatan,0.6111,Sedang (0.50–0.74)
Ketakutan & Dampak Banjir,0.8158,Tinggi (≥0.75)
Ketakutan & Dampak Banjir,0.9352,Tinggi (≥0.75)
Ketakutan & Dampak Banjir,0.727,Sedang (0.50–0.74)
Keluhan Fisik & Kesehatan,0.6868,Sedang (0.50–0.74)
Keluhan Fisik & Kesehatan,0.7491,Sedang (0.50–0.74)
Keluhan Fisik & Kesehatan,0.6817,Sedang (0.50–0.74)
Kebutuhan Makan & Aktivitas Fisik,0.6111,Sedang (0.50–0.74)
Keluhan Fisik & Kesehatan,0.75,Tinggi (≥0.75)
Keluhan Fisik & Kesehatan,0.6111,Sedang (0.50–0.74)
Kehilangan & Trauma Keluarga,0.125,Rendah (<0.50)
Keluhan Fisik & Kesehatan,0.6851,Sedang (0.50–0.74)
Kebersihan & Aktivitas Pemulihan,0.75,Tinggi (≥0.75)
Kebersihan & Aktivitas Pemulihan,0.8068,Tinggi (≥0.75)
Keluhan Fisik & Kesehatan,0.8205,Tinggi (≥0.75)
Kebutuhan Makan & Aktivitas Fisik,0.5271,Sedang (0.50–0.74)
Kebutuhan Makan & Aktivitas Fisik,0.6568,Sedang (0.50–0.74)
Kehilangan & Trauma Keluarga,0.2692,Rendah (<0.50)
Kerusakan Rumah & Bantuan,0.6111,Sedang (0.50–0.74)
Dampak Pendidikan & Tempat Tidur,0.6111,Sedang (0.50–0.74)
Bencana & Kehilangan Tempat Tinggal,0.5343,Sedang (0.50–0.74)
Kerusakan Rumah & Bantuan,0.8158,Tinggi (≥0.75)
Bencana & Kehilangan Tempat Tinggal,0.8158,Tinggi (≥0.75)
Kerusakan Rumah & Bantuan,0.8158,Tinggi (≥0.75)
Kehilangan & Trauma Keluarga,0.75,Tinggi (≥0.75)
Kebutuhan Makan & Aktivitas Fisik,0.6111,Sedang (0.50–0.74)
Keluhan Fisik & Kesehatan,0.6111,Sedang (0.50–0.74)
Kehilangan & Trauma Keluarga,0.125,Rendah (<0.50)
Ketakutan & Dampak Banjir,0.75,Tinggi (≥0.75)
Kehilangan & Trauma Keluarga,0.125,Rendah (<0.50)
Kebersihan & Aktivitas Pemulihan,0.6111,Sedang (0.50–0.74)
Kebutuhan Makan & Aktivitas Fisik,0.6111,Sedang (0.50–0.74)
Ketakutan & Dampak Banjir,0.7092,Sedang (0.50–0.74)
Kehilangan & Trauma Keluarga,0.6111,Sedang (0.50–0.74)
Ketakutan & Dampak Banjir,0.6111,Sedang (0.50–0.74)
Ketakutan & Dampak Banjir,0.3937,Rendah (<0.50)
Ketakutan & Dampak Banjir,0.9022,Tinggi (≥0.75)
Dampak Pendidikan & Tempat Tidur,0.6111,Sedang (0.50–0.74)
Kehilangan & Trauma Keluarga,0.8158,Tinggi (≥0.75)
Kehilangan & Trauma Keluarga,0.6111,Sedang (0.50–0.74)
Kerusakan Rumah & Bantuan,0.75,Tinggi (≥0.75)
Ketakutan & Dampak Banjir,0.8158,Tinggi (≥0.75)
Kehilangan & Trauma Keluarga,0.125,Rendah (<0.50)
Kebutuhan Makan & Aktivitas Fisik,0.6111,Sedang (0.50–0.74)
Bencana & Kehilangan Tempat Tinggal,0.6111,Sedang (0.50–0.74)
Ketakutan & Dampak Banjir,0.6111,Sedang (0.50–0.74)
Ketakutan & Dampak Banjir,0.8793,Tinggi (≥0.75)
Kehilangan & Trauma Keluarga,0.8158,Tinggi (≥0.75)
Kebutuhan Makan & Aktivitas Fisik,0.8158,Tinggi (≥0.75)
Kebutuhan Makan & Aktivitas Fisik,0.8158,Tinggi (≥0.75)
Kebutuhan Makan & Aktivitas Fisik,0.75,Tinggi (≥0.75)
Ketakutan & Dampak Banjir,0.8158,Tinggi (≥0.75)
Kebutuhan Makan & Aktivitas Fisik,0.8158,Tinggi (≥0.75)
Kebutuhan Makan & Aktivitas Fisik,0.4559,Rendah (<0.50)
Keluhan Fisik & Kesehatan,0.7055,Sedang (0.50–0.74)
Kerusakan Rumah & Bantuan,0.8793,Tinggi (≥0.75)
Ketakutan & Dampak Banjir,0.8541,Tinggi (≥0.75)
Kebutuhan Makan & Aktivitas Fisik,0.75,Tinggi (≥0.75)
Keluhan Fisik & Kesehatan,0.8422,Tinggi (≥0.75)
Keluhan Fisik & Kesehatan,0.8068,Tinggi (≥0.75)
Keluhan Fisik & Kesehatan,0.5563,Sedang (0.50–0.74)
Kebutuhan Makan & Aktivitas Fisik,0.5582,Sedang (0.50–0.74)
Kebutuhan Makan & Aktivitas Fisik,0.64,Sedang (0.50–0.74)
Kebutuhan Makan & Aktivitas Fisik,0.7081,Sedang (0.50–0.74)
Ketakutan & Dampak Banjir,0.7139,Sedang (0.50–0.74)
Ketakutan & Dampak Banjir,0.8158,Tinggi (≥0.75)
Ketakutan & Dampak Banjir,0.9352,Tinggi (≥0.75)
Ketakutan & Dampak Banjir,0.6253,Sedang (0.50–0.74)
Keluhan Fisik & Kesehatan,0.8793,Tinggi (≥0.75)
Ketakutan & Dampak Banjir,0.9102,Tinggi (≥0.75)
Kerusakan Rumah & Bantuan,0.8793,Tinggi (≥0.75)
Ketakutan & Dampak Banjir,0.7499,Sedang (0.50–0.74)
Ketakutan & Dampak Banjir,0.8793,Tinggi (≥0.75)
Ketakutan & Dampak Banjir,0.6312,Sedang (0.50–0.74)
Kerusakan Rumah & Bantuan,0.8971,Tinggi (≥0.75)
Dampak Pendidikan & Tempat Tidur,0.6111,Sedang (0.50–0.74)
Kehilangan & Trauma Keluarga,0.8158,Tinggi (≥0.75)
Kehilangan & Trauma Keluarga,0.6111,Sedang (0.50–0.74)
Kehilangan & Trauma Keluarga,0.545,Sedang (0.50–0.74)
Ketakutan & Dampak Banjir,0.8793,Tinggi (≥0.75)
Kehilangan & Trauma Keluarga,0.6458,Sedang (0.50–0.74)
Kerusakan Rumah & Bantuan,0.5985,Sedang (0.50–0.74)
Ketakutan & Dampak Banjir,0.7139,Sedang (0.50–0.74)
Ketakutan & Dampak Banjir,0.5915,Sedang (0.50–0.74)
Kerusakan Rumah & Bantuan,0.5526,Sedang (0.50–0.74)
Kerusakan Rumah & Bantuan,0.5297,Sedang (0.50–0.74)
Kebersihan & Aktivitas Pemulihan,0.6185,Sedang (0.50–0.74)
Bencana & Kehilangan Tempat Tinggal,0.6994,Sedang (0.50–0.74)
Kebutuhan Makan & Aktivitas Fisik,0.8158,Tinggi (≥0.75)
Kebutuhan Makan & Aktivitas Fisik,0.8158,Tinggi (≥0.75)
Kebutuhan Makan & Aktivitas Fisik,0.75,Tinggi (≥0.75)
Ketakutan & Dampak Banjir,0.8158,Tinggi (≥0.75)
Kebutuhan Makan & Aktivitas Fisik,0.8158,Tinggi (≥0.75)
Kebutuhan Makan & Aktivitas Fisik,0.9103,Tinggi (≥0.75)
Kebutuhan Makan & Aktivitas Fisik,0.9103,Tinggi (≥0.75)
Bencana & Kehilangan Tempat Tinggal,0.4117,Rendah (<0.50)
Keluhan Fisik & Kesehatan,0.6458,Sedang (0.50–0.74)
Dampak Pendidikan & Tempat Tidur,0.5526,Sedang (0.50–0.74)
Ketakutan & Dampak Banjir,0.7069,Sedang (0.50–0.74)
Ketakutan & Dampak Banjir,0.8793,Tinggi (≥0.75)
Keluhan Fisik & Kesehatan,0.6376,Sedang (0.50–0.74)
Ketakutan & Dampak Banjir,0.6458,Sedang (0.50–0.74)
Dampak Pendidikan & Tempat Tidur,0.3621,Rendah (<0.50)
Kebutuhan Makan & Aktivitas Fisik,0.5271,Sedang (0.50–0.74)
Keluhan Fisik & Kesehatan,0.8158,Tinggi (≥0.75)
Keluhan Fisik & Kesehatan,0.75,Tinggi (≥0.75)
Keluhan Fisik & Kesehatan,0.4935,Rendah (<0.50)
Kebutuhan Makan & Aktivitas Fisik,0.715,Sedang (0.50–0.74)
Kebutuhan Makan & Aktivitas Fisik,0.6056,Sedang (0.50–0.74)
Ketakutan & Dampak Banjir,0.517,Sedang (0.50–0.74)
Ketakutan & Dampak Banjir,0.8542,Tinggi (≥0.75)
Bencana & Kehilangan Tempat Tinggal,0.4659,Rendah (<0.50)
Ketakutan & Dampak Banjir,0.6547,Sedang (0.50–0.74)
Ketakutan & Dampak Banjir,0.8971,Tinggi (≥0.75)
Ketakutan & Dampak Banjir,0.5958,Sedang (0.50–0.74)
Ketakutan & Dampak Banjir,0.5293,Sedang (0.50–0.74)
Ketakutan & Dampak Banjir,0.5392,Sedang (0.50–0.74)
Kebersihan & Aktivitas Pemulihan,0.8793,Tinggi (≥0.75)
Ketakutan & Dampak Banjir,0.6872,Sedang (0.50–0.74)
Ketakutan & Dampak Banjir,0.6575,Sedang (0.50–0.74)
Ketakutan & Dampak Banjir,0.7891,Tinggi (≥0.75)
Keluhan Fisik & Kesehatan,0.3613,Rendah (<0.50)
Ketakutan & Dampak Banjir,0.9557,Tinggi (≥0.75)
Bencana & Kehilangan Tempat Tinggal,0.75,Tinggi (≥0.75)
Ketakutan & Dampak Banjir,0.9352,Tinggi (≥0.75)
Ketakutan & Dampak Banjir,0.5717,Sedang (0.50–0.74)
Kerusakan Rumah & Bantuan,0.5841,Sedang (0.50–0.74)
Kerusakan Rumah & Bantuan,0.8542,Tinggi (≥0.75)
Ketakutan & Dampak Banjir,0.897,Tinggi (≥0.75)
Ketakutan & Dampak Banjir,0.335,Rendah (<0.50)
Kerusakan Rumah & Bantuan,0.9103,Tinggi (≥0.75)
Ketakutan & Dampak Banjir,0.8158,Tinggi (≥0.75)
Kerusakan Rumah & Bantuan,0.9103,Tinggi (≥0.75)
Ketakutan & Dampak Banjir,0.5526,Sedang (0.50–0.74)
Keluhan Fisik & Kesehatan,0.4167,Rendah (<0.50)
Kebersihan & Aktivitas Pemulihan,0.5526,Sedang (0.50–0.74)
Kebutuhan Makan & Aktivitas Fisik,0.8793,Tinggi (≥0.75)
Kerusakan Rumah & Bantuan,0.681,Sedang (0.50–0.74)
Kebutuhan Makan & Aktivitas Fisik,0.8158,Tinggi (≥0.75)
Kebutuhan Makan & Aktivitas Fisik,0.8158,Tinggi (≥0.75)
Kebutuhan Makan & Aktivitas Fisik,0.8793,Tinggi (≥0.75)
Ketakutan & Dampak Banjir,0.8158,Tinggi (≥0.75)
Kehilangan & Trauma Keluarga,0.5279,Sedang (0.50–0.74)
Keluhan Fisik & Kesehatan,0.8793,Tinggi (≥0.75)
Keluhan Fisik & Kesehatan,0.8971,Tinggi (≥0.75)
Ketakutan & Dampak Banjir,0.5071,Sedang (0.50–0.74)
Keluhan Fisik & Kesehatan,0.8542,Tinggi (≥0.75)
Kehilangan & Trauma Keluarga,0.5345,Sedang (0.50–0.74)
Ketakutan & Dampak Banjir,0.897,Tinggi (≥0.75)
Keluhan Fisik & Kesehatan,0.8542,Tinggi (≥0.75)
Keluhan Fisik & Kesehatan,0.6458,Sedang (0.50–0.74)
Keluhan Fisik & Kesehatan,0.4123,Rendah (<0.50)
Kehilangan & Trauma Keluarga,0.7069,Sedang (0.50–0.74)
Keluhan Fisik & Kesehatan,0.897,Tinggi (≥0.75)
Ketakutan & Dampak Banjir,0.6135,Sedang (0.50–0.74)
Keluhan Fisik & Kesehatan,0.7821,Tinggi (≥0.75)
Keluhan Fisik & Kesehatan,0.6996,Sedang (0.50–0.74)
Keluhan Fisik & Kesehatan,0.8793,Tinggi (≥0.75)
Keluhan Fisik & Kesehatan,0.9103,Tinggi (≥0.75)
Keluhan Fisik & Kesehatan,0.8261,Tinggi (≥0.75)
Kebutuhan Makan & Aktivitas Fisik,0.5368,Sedang (0.50–0.74)
Keluhan Fisik & Kesehatan,0.6458,Sedang (0.50–0.74)
Keluhan Fisik & Kesehatan,0.5345,Sedang (0.50–0.74)
Keluhan Fisik & Kesehatan,0.75,Tinggi (≥0.75)
Keluhan Fisik & Kesehatan,0.8158,Tinggi (≥0.75)
Kebersihan & Aktivitas Pemulihan,0.3929,Rendah (<0.50)
Kebersihan & Aktivitas Pemulihan,0.5526,Sedang (0.50–0.74)
Bencana & Kehilangan Tempat Tinggal,0.3631,Rendah (<0.50)
Kebersihan & Aktivitas Pemulihan,0.75,Tinggi (≥0.75)
Kebutuhan Makan & Aktivitas Fisik,0.5648,Sedang (0.50–0.74)
Kehilangan & Trauma Keluarga,0.125,Rendah (<0.50)
Kebutuhan Makan & Aktivitas Fisik,0.6538,Sedang (0.50–0.74)
Keluhan Fisik & Kesehatan,0.8158,Tinggi (≥0.75)
Keluhan Fisik & Kesehatan,0.4332,Rendah (<0.50)
Kehilangan & Trauma Keluarga,0.6164,Sedang (0.50–0.74)
Kerusakan Rumah & Bantuan,0.5175,Sedang (0.50–0.74)
Dampak Pendidikan & Tempat Tidur,0.5241,Sedang (0.50–0.74)
Ketakutan & Dampak Banjir,0.48,Rendah (<0.50)
Kehilangan & Trauma Keluarga,0.4433,Rendah (<0.50)
Ketakutan & Dampak Banjir,0.9453,Tinggi (≥0.75)
Ketakutan & Dampak Banjir,0.6168,Sedang (0.50–0.74)
Ketakutan & Dampak Banjir,0.897,Tinggi (≥0.75)
Kebutuhan Makan & Aktivitas Fisik,0.4375,Rendah (<0.50)
Ketakutan & Dampak Banjir,0.4675,Rendah (<0.50)
Kerusakan Rumah & Bantuan,0.5179,Sedang (0.50–0.74)
Ketakutan & Dampak Banjir,0.8769,Tinggi (≥0.75)
Bencana & Kehilangan Tempat Tinggal,0.414,Rendah (<0.50)
Ketakutan & Dampak Banjir,0.7165,Sedang (0.50–0.74)
Ketakutan & Dampak Banjir,0.5899,Sedang (0.50–0.74)
Dampak Pendidikan & Tempat Tidur,0.3108,Rendah (<0.50)
Kerusakan Rumah & Bantuan,0.446,Rendah (<0.50)
Kebersihan & Aktivitas Pemulihan,0.9286,Tinggi (≥0.75)
Ketakutan & Dampak Banjir,0.4142,Rendah (<0.50)
Ketakutan & Dampak Banjir,0.8971,Tinggi (≥0.75)
Kerusakan Rumah & Bantuan,0.7294,Sedang (0.50–0.74)
Dampak Pendidikan & Tempat Tidur,0.3597,Rendah (<0.50)
Ketakutan & Dampak Banjir,0.5014,Sedang (0.50–0.74)
Ketakutan & Dampak Banjir,0.5937,Sedang (0.50–0.74)
Ketakutan & Dampak Banjir,0.3998,Rendah (<0.50)
Kerusakan Rumah & Bantuan,0.3154,Rendah (<0.50)
Kehilangan & Trauma Keluarga,0.9286,Tinggi (≥0.75)
Kerusakan Rumah & Bantuan,0.5808,Sedang (0.50–0.74)
Kehilangan & Trauma Keluarga,0.8536,Tinggi (≥0.75)
Dampak Pendidikan & Tempat Tidur,0.6029,Sedang (0.50–0.74)
Kebersihan & Aktivitas Pemulihan,0.5528,Sedang (0.50–0.74)
Dampak Pendidikan & Tempat Tidur,0.4665,Rendah (<0.50)
Kerusakan Rumah & Bantuan,0.7472,Sedang (0.50–0.74)
Kebersihan & Aktivitas Pemulihan,0.5506,Sedang (0.50–0.74)
Kehilangan & Trauma Keluarga,0.4368,Rendah (<0.50)
Kebersihan & Aktivitas Pemulihan,0.295,Rendah (<0.50)
Kehilangan & Trauma Keluarga,0.6187,Sedang (0.50–0.74)
Kehilangan & Trauma Keluarga,0.3939,Rendah (<0.50)
Kehilangan & Trauma Keluarga,0.8158,Tinggi (≥0.75)
Ketakutan & Dampak Banjir,0.4917,Rendah (<0.50)
Kerusakan Rumah & Bantuan,0.4031,Rendah (<0.50)
Ketakutan & Dampak Banjir,0.2937,Rendah (<0.50)
Kehilangan & Trauma Keluarga,0.5864,Sedang (0.50–0.74)
Kebutuhan Makan & Aktivitas Fisik,0.3353,Rendah (<0.50)
Kebutuhan Makan & Aktivitas Fisik,0.6463,Sedang (0.50–0.74)
Kebutuhan Makan & Aktivitas Fisik,0.9679,Tinggi (≥0.75)
Kehilangan & Trauma Keluarga,0.6483,Sedang (0.50–0.74)
Keluhan Fisik & Kesehatan,0.3804,Rendah (<0.50)
Kebutuhan Makan & Aktivitas Fisik,0.4841,Rendah (<0.50)
Kebutuhan Makan & Aktivitas Fisik,0.6271,Sedang (0.50–0.74)
Kebutuhan Makan & Aktivitas Fisik,0.5404,Sedang (0.50–0.74)
Kebutuhan Makan & Aktivitas Fisik,0.8124,Tinggi (≥0.75)
Kebutuhan Makan & Aktivitas Fisik,0.4702,Rendah (<0.50)
Kebersihan & Aktivitas Pemulihan,0.732,Sedang (0.50–0.74)
Keluhan Fisik & Kesehatan,0.6977,Sedang (0.50–0.74)
Kebersihan & Aktivitas Pemulihan,0.9286,Tinggi (≥0.75)
Kebersihan & Aktivitas Pemulihan,0.4262,Rendah (<0.50)
Kebersihan & Aktivitas Pemulihan,0.4855,Rendah (<0.50)
Keluhan Fisik & Kesehatan,0.9607,Tinggi (≥0.75)
Kebersihan & Aktivitas Pemulihan,0.7337,Sedang (0.50–0.74)
Keluhan Fisik & Kesehatan,0.7355,Sedang (0.50–0.74)
Kebersihan & Aktivitas Pemulihan,0.4554,Rendah (<0.50)
Kebersihan & Aktivitas Pemulihan,0.9493,Tinggi (≥0.75)
Keluhan Fisik & Kesehatan,0.9204,Tinggi (≥0.75)
Ketakutan & Dampak Banjir,0.3841,Rendah (<0.50)
Keluhan Fisik & Kesehatan,0.5705,Sedang (0.50–0.74)
Dampak Pendidikan & Tempat Tidur,0.6771,Sedang (0.50–0.74)
Kehilangan & Trauma Keluarga,0.7711,Tinggi (≥0.75)
Ketakutan & Dampak Banjir,0.8559,Tinggi (≥0.75)
Kehilangan & Trauma Keluarga,0.556,Sedang (0.50–0.74)
Kehilangan & Trauma Keluarga,0.4375,Rendah (<0.50)
Kehilangan & Trauma Keluarga,0.8654,Tinggi (≥0.75)
Kebutuhan Makan & Aktivitas Fisik,0.5016,Sedang (0.50–0.74)
Ketakutan & Dampak Banjir,0.6839,Sedang (0.50–0.74)
Ketakutan & Dampak Banjir,0.5152,Sedang (0.50–0.74)
Ketakutan & Dampak Banjir,0.7914,Tinggi (≥0.75)
Ketakutan & Dampak Banjir,0.8316,Tinggi (≥0.75)
Dampak Pendidikan & Tempat Tidur,0.6969,Sedang (0.50–0.74)
Ketakutan & Dampak Banjir,0.8793,Tinggi (≥0.75)
Keluhan Fisik & Kesehatan,0.5596,Sedang (0.50–0.74)
Keluhan Fisik & Kesehatan,0.5578,Sedang (0.50–0.74)
Keluhan Fisik & Kesehatan,0.5219,Sedang (0.50–0.74)
Keluhan Fisik & Kesehatan,0.3787,Rendah (<0.50)
Keluhan Fisik & Kesehatan,0.75,Tinggi (≥0.75)
Kehilangan & Trauma Keluarga,0.6111,Sedang (0.50–0.74)
Keluhan Fisik & Kesehatan,0.5634,Sedang (0.50–0.74)
Kebutuhan Makan & Aktivitas Fisik,0.484,Rendah (<0.50)
Keluhan Fisik & Kesehatan,0.5161,Sedang (0.50–0.74)
Keluhan Fisik & Kesehatan,0.9103,Tinggi (≥0.75)
Keluhan Fisik & Kesehatan,0.6868,Sedang (0.50–0.74)
Keluhan Fisik & Kesehatan,0.7066,Sedang (0.50–0.74)
Keluhan Fisik & Kesehatan,0.8542,Tinggi (≥0.75)
Kebersihan & Aktivitas Pemulihan,0.4694,Rendah (<0.50)
Kebersihan & Aktivitas Pemulihan,0.5008,Sedang (0.50–0.74)
Kebersihan & Aktivitas Pemulihan,0.8793,Tinggi (≥0.75)
Kebersihan & Aktivitas Pemulihan,0.7848,Tinggi (≥0.75)
Kebersihan & Aktivitas Pemulihan,0.9103,Tinggi (≥0.75)
Kebersihan & Aktivitas Pemulihan,0.9286,Tinggi (≥0.75)
Kebersihan & Aktivitas Pemulihan,0.5526,Sedang (0.50–0.74)
Kebersihan & Aktivitas Pemulihan,0.6632,Sedang (0.50–0.74)
Kerusakan Rumah & Bantuan,0.4546,Rendah (<0.50)
Kebersihan & Aktivitas Pemulihan,0.9204,Tinggi (≥0.75)
Kebersihan & Aktivitas Pemulihan,0.633,Sedang (0.50–0.74)
Kebersihan & Aktivitas Pemulihan,0.9103,Tinggi (≥0.75)
Kebersihan & Aktivitas Pemulihan,0.9102,Tinggi (≥0.75)
Kerusakan Rumah & Bantuan,0.6883,Sedang (0.50–0.74)
Kebutuhan Makan & Aktivitas Fisik,0.542,Sedang (0.50–0.74)
Bencana & Kehilangan Tempat Tinggal,0.4489,Rendah (<0.50)
Kebutuhan Makan & Aktivitas Fisik,0.4331,Rendah (<0.50)
Kebersihan & Aktivitas Pemulihan,0.7187,Sedang (0.50–0.74)
Ketakutan & Dampak Banjir,0.7316,Sedang (0.50–0.74)
Keluhan Fisik & Kesehatan,0.4384,Rendah (<0.50)
Keluhan Fisik & Kesehatan,0.8158,Tinggi (≥0.75)
Kerusakan Rumah & Bantuan,0.5093,Sedang (0.50–0.74)
Ketakutan & Dampak Banjir,0.3925,Rendah (<0.50)
Kebutuhan Makan & Aktivitas Fisik,0.6594,Sedang (0.50–0.74)
Kebutuhan Makan & Aktivitas Fisik,0.4336,Rendah (<0.50)
Kerusakan Rumah & Bantuan,0.6111,Sedang (0.50–0.74)
Kehilangan & Trauma Keluarga,0.125,Rendah (<0.50)
Ketakutan & Dampak Banjir,0.75,Tinggi (≥0.75)
Kerusakan Rumah & Bantuan,0.7069,Sedang (0.50–0.74)
Dampak Pendidikan & Tempat Tidur,0.8043,Tinggi (≥0.75)
Kebersihan & Aktivitas Pemulihan,0.897,Tinggi (≥0.75)
Kebersihan & Aktivitas Pemulihan,0.4418,Rendah (<0.50)
Dampak Pendidikan & Tempat Tidur,0.75,Tinggi (≥0.75)
Kebersihan & Aktivitas Pemulihan,0.9693,Tinggi (≥0.75)
Kebersihan & Aktivitas Pemulihan,0.5511,Sedang (0.50–0.74)
Ketakutan & Dampak Banjir,0.5448,Sedang (0.50–0.74)
Kerusakan Rumah & Bantuan,0.5787,Sedang (0.50–0.74)
Dampak Pendidikan & Tempat Tidur,0.6111,Sedang (0.50–0.74)
Kebutuhan Makan & Aktivitas Fisik,0.8971,Tinggi (≥0.75)
Bencana & Kehilangan Tempat Tinggal,0.8158,Tinggi (≥0.75)
Ketakutan & Dampak Banjir,0.8158,Tinggi (≥0.75)
Ketakutan & Dampak Banjir,0.8542,Tinggi (≥0.75)
Kehilangan & Trauma Keluarga,0.9102,Tinggi (≥0.75)
Kerusakan Rumah & Bantuan,0.6582,Sedang (0.50–0.74)
Keluhan Fisik & Kesehatan,0.8542,Tinggi (≥0.75)
Ketakutan & Dampak Banjir,0.9204,Tinggi (≥0.75)
Kebutuhan Makan & Aktivitas Fisik,0.8793,Tinggi (≥0.75)
Kebutuhan Makan & Aktivitas Fisik,0.6149,Sedang (0.50–0.74)
Kebersihan & Aktivitas Pemulihan,0.8793,Tinggi (≥0.75)
Ketakutan & Dampak Banjir,0.5101,Sedang (0.50–0.74)
Keluhan Fisik & Kesehatan,0.5491,Sedang (0.50–0.74)
Ketakutan & Dampak Banjir,0.8068,Tinggi (≥0.75)
Kehilangan & Trauma Keluarga,0.3845,Rendah (<0.50)
Ketakutan & Dampak Banjir,0.5526,Sedang (0.50–0.74)
Kehilangan & Trauma Keluarga,0.6916,Sedang (0.50–0.74)
Kehilangan & Trauma Keluarga,0.4484,Rendah (<0.50)
Keluhan Fisik & Kesehatan,0.6111,Sedang (0.50–0.74)
Keluhan Fisik & Kesehatan,0.5336,Sedang (0.50–0.74)
Kebutuhan Makan & Aktivitas Fisik,0.5271,Sedang (0.50–0.74)
Kehilangan & Trauma Keluarga,0.125,Rendah (<0.50)
Dampak Pendidikan & Tempat Tidur,0.75,Tinggi (≥0.75)
Kebersihan & Aktivitas Pemulihan,0.75,Tinggi (≥0.75)
Dampak Pendidikan & Tempat Tidur,0.6111,Sedang (0.50–0.74)
Kebersihan & Aktivitas Pemulihan,0.7909,Tinggi (≥0.75)
Kebersihan & Aktivitas Pemulihan,0.8158,Tinggi (≥0.75)
Kebersihan & Aktivitas Pemulihan,0.8158,Tinggi (≥0.75)
Kebersihan & Aktivitas Pemulihan,0.5587,Sedang (0.50–0.74)
Kebutuhan Makan & Aktivitas Fisik,0.4837,Rendah (<0.50)
Kebutuhan Makan & Aktivitas Fisik,0.8793,Tinggi (≥0.75)
Kebersihan & Aktivitas Pemulihan,0.9453,Tinggi (≥0.75)
Ketakutan & Dampak Banjir,0.6458,Sedang (0.50–0.74)
Kebutuhan Makan & Aktivitas Fisik,0.8971,Tinggi (≥0.75)
